"Treatment_Scenario","Scenario","Beta","Method1","Method2","N_Sims","Mean_Delta","SD_Delta","MC_CI_Lo","MC_CI_Hi","Pct_Sims_Sig","Pct_Sims_Method1_Wins","Pct_Sims_Method2_Wins","Pct_Sims_Tie","Overall_Winner"
"RCT",1,0,"DINA Cross-Fit","DINA Gao (GLM k2)",50,-0.277173037662449,0.101434137530561,-0.305289146127183,-0.249056929197715,90,90,0,10,"DINA Cross-Fit"
"RCT",1,0,"DINA Cross-Fit","DINA Gao (LASSO k2)",50,0.00325322447690613,0.0411280759796497,-0.00814689656066129,0.0146533455144736,16,10,6,84,"Tie"
"RCT",1,0,"DINA Cross-Fit","Dandl Extension",50,-0.0439321114260808,0.0505293200147612,-0.0579381243599044,-0.0299260984922571,16,16,0,84,"DINA Cross-Fit"
"RCT",1,0,"DINA Cross-Fit","R-learner (LASSO)",50,-0.00155771233920581,0.0683324268199176,-0.0204984947118903,0.0173830700334787,16,10,6,84,"Tie"
"RCT",1,0,"DINA Cross-Fit","WATCH (Residual LASSO)",50,-0.0362575288371893,0.0572785721887004,-0.0521343390272241,-0.0203807186471545,16,14,2,84,"DINA Cross-Fit"
"RCT",1,0,"DINA Cross-Fit","WATCH (Residual Risk)",50,-0.0340843317114925,0.0558522963108633,-0.0495657983982632,-0.0186028650247218,16,14,2,84,"DINA Cross-Fit"
"RCT",1,0,"DINA Gao (GLM k2)","DINA Gao (LASSO k2)",50,0.280426262139355,0.0935031900454135,0.25450850015983,0.30634402411888,92,0,92,8,"DINA Gao (LASSO k2)"
"RCT",1,0,"DINA Gao (GLM k2)","Dandl Extension",50,0.233240926236368,0.0959051635023471,0.206657371182749,0.259824481289987,80,0,80,20,"Dandl Extension"
"RCT",1,0,"DINA Gao (GLM k2)","R-learner (LASSO)",50,0.275615325323243,0.0866790778173168,0.251589110748287,0.299641539898199,90,0,90,10,"R-learner (LASSO)"
"RCT",1,0,"DINA Gao (GLM k2)","WATCH (Residual LASSO)",50,0.24091550882526,0.1106888348709,0.21023412913563,0.271596888514889,76,0,76,24,"WATCH (Residual LASSO)"
"RCT",1,0,"DINA Gao (GLM k2)","WATCH (Residual Risk)",50,0.243088705950956,0.10929196512348,0.212794518801094,0.273382893100819,80,0,80,20,"WATCH (Residual Risk)"
"RCT",1,0,"DINA Gao (LASSO k2)","Dandl Extension",50,-0.0471853359029869,0.0567577594234775,-0.0629177841597188,-0.031452887646255,20,18,2,80,"DINA Gao (LASSO k2)"
"RCT",1,0,"DINA Gao (LASSO k2)","R-learner (LASSO)",50,-0.00481093681611194,0.0670313624344362,-0.0233910825405007,0.0137692089082768,24,14,10,76,"Tie"
"RCT",1,0,"DINA Gao (LASSO k2)","WATCH (Residual LASSO)",50,-0.0395107533140954,0.0559537316924248,-0.0550203364541587,-0.0240011701740322,22,22,0,78,"DINA Gao (LASSO k2)"
"RCT",1,0,"DINA Gao (LASSO k2)","WATCH (Residual Risk)",50,-0.0373375561883986,0.0553752023366073,-0.0526867791724612,-0.0219883332043361,20,20,0,80,"DINA Gao (LASSO k2)"
"RCT",1,0,"DINA Original","DINA Cross-Fit",50,0.00117417552153448,0.0489360099922183,-0.0123901944062719,0.0147385454493409,22,10,12,78,"Tie"
"RCT",1,0,"DINA Original","DINA Gao (GLM k2)",50,-0.275998862140914,0.096915107528995,-0.302862359396319,-0.249135364885509,90,90,0,10,"DINA Original"
"RCT",1,0,"DINA Original","DINA Gao (LASSO k2)",50,0.00442739999844061,0.043006091499286,-0.00749328038269729,0.0163480803795785,26,12,14,74,"Tie"
"RCT",1,0,"DINA Original","Dandl Extension",50,-0.0427579359045463,0.0588339112612651,-0.059065864090241,-0.0264500077188516,24,20,4,76,"DINA Original"
"RCT",1,0,"DINA Original","R-learner (LASSO)",50,-0.000383536817671332,0.0551316740376238,-0.015665257201178,0.0148981835658353,30.6122448979592,12,18,70,"Tie"
"RCT",1,0,"DINA Original","WATCH (Residual LASSO)",50,-0.0350833533156548,0.060450240719855,-0.0518393051695033,-0.0183274014618063,14,14,0,86,"DINA Original"
"RCT",1,0,"DINA Original","WATCH (Residual Risk)",50,-0.032910156189958,0.0603117413805275,-0.0496277179855714,-0.0161925943943446,18,16,2,82,"DINA Original"
"RCT",1,0,"DR-learner (2-Model 2SL)","DINA Cross-Fit",50,-0.000279243466950363,0.0249223677081171,-0.00718737134912697,0.00662888441522625,2,2,0,98,"Tie"
"RCT",1,0,"DR-learner (2-Model 2SL)","DINA Gao (GLM k2)",50,-0.277452281129399,0.095094316611169,-0.303811080891598,-0.2510934813672,92,92,0,8,"DR-learner (2-Model 2SL)"
"RCT",1,0,"DR-learner (2-Model 2SL)","DINA Gao (LASSO k2)",50,0.00297398100995577,0.0368716822666487,-0.00724632788332945,0.013194289903241,16,6,10,84,"Tie"
"RCT",1,0,"DR-learner (2-Model 2SL)","DINA Original",50,-0.00145341898848484,0.0441054239231444,-0.0136788187710047,0.010771980794035,16,10,6,84,"Tie"
"RCT",1,0,"DR-learner (2-Model 2SL)","DR-learner (Kennedy)",50,-0.00952844015783227,0.0525532288383815,-0.0240954519959005,0.00503857168023598,16,14,2,84,"Tie"
"RCT",1,0,"DR-learner (2-Model 2SL)","Dandl Extension",50,-0.0442113548930311,0.0453896170850451,-0.0567927148592592,-0.031629994926803,26,26,0,74,"DR-learner (2-Model 2SL)"
"RCT",1,0,"DR-learner (2-Model 2SL)","R-learner (LASSO)",50,-0.00183695580615618,0.056647869235609,-0.0175389440568532,0.0138650324445408,12,6,6,88,"Tie"
"RCT",1,0,"DR-learner (2-Model 2SL)","WATCH (Residual LASSO)",50,-0.0365367723041397,0.0559164262577973,-0.0520360149052892,-0.0210375297029901,18,14,4,82,"DR-learner (2-Model 2SL)"
"RCT",1,0,"DR-learner (2-Model 2SL)","WATCH (Residual Risk)",50,-0.0343635751784429,0.0544401737021972,-0.0494536214480114,-0.0192735289088744,20,16,4,80,"DR-learner (2-Model 2SL)"
"RCT",1,0,"DR-learner (Kennedy)","DINA Cross-Fit",50,0.00924919669088191,0.06232545550485,-0.00802653818250189,0.0265249315642657,16,4,12,84,"Tie"
"RCT",1,0,"DR-learner (Kennedy)","DINA Gao (GLM k2)",50,-0.267923840971567,0.08459423686345,-0.291372167117462,-0.244475514825672,90,90,0,10,"DR-learner (Kennedy)"
"RCT",1,0,"DR-learner (Kennedy)","DINA Gao (LASSO k2)",50,0.012502421167788,0.0585238215339022,-0.00371955453070079,0.0287243968662769,18,6,12,82,"Tie"
"RCT",1,0,"DR-learner (Kennedy)","DINA Original",50,0.00807502116934743,0.0443737777812112,-0.00422476250762864,0.0203748048463235,22,8,14,78,"Tie"
"RCT",1,0,"DR-learner (Kennedy)","Dandl Extension",50,-0.0346829147351989,0.0526946130439626,-0.0492891162756306,-0.0200767131947671,30,22,8,70,"DR-learner (Kennedy)"
"RCT",1,0,"DR-learner (Kennedy)","R-learner (LASSO)",50,0.0076914843516761,0.0262212908514593,0.000423313343243695,0.0149596553601085,20,6,14,80,"R-learner (LASSO)"
"RCT",1,0,"DR-learner (Kennedy)","WATCH (Residual LASSO)",50,-0.0270083321463074,0.0732925272236683,-0.0473239842062884,-0.00669268008632644,18,16,2,82,"DR-learner (Kennedy)"
"RCT",1,0,"DR-learner (Kennedy)","WATCH (Residual Risk)",50,-0.0248351350206106,0.0736665878663943,-0.0452544714008738,-0.00441579864034738,16,14,2,84,"DR-learner (Kennedy)"
"RCT",1,0,"Dandl Extension","R-learner (LASSO)",50,0.042374399086875,0.0601827496980562,0.0256925919614713,0.0590562062122787,22,2,20,78,"R-learner (LASSO)"
"RCT",1,0,"Dandl Extension","WATCH (Residual LASSO)",50,0.00767458258889145,0.0678315417028647,-0.0111273615127506,0.0264765266905335,14,6,8,86,"Tie"
"RCT",1,0,"Dandl Extension","WATCH (Residual Risk)",50,0.00984777971458826,0.0660993834901312,-0.00847403462627551,0.028169594055452,12,4,8,88,"Tie"
"RCT",1,0,"R-learner (LASSO)","WATCH (Residual LASSO)",50,-0.0346998164979835,0.0842759861552532,-0.0580599280481962,-0.0113397049477708,20,18,2,80,"R-learner (LASSO)"
"RCT",1,0,"R-learner (LASSO)","WATCH (Residual Risk)",50,-0.0325266193722867,0.0846000205258225,-0.0559765486676001,-0.00907669007697325,24,22,2,76,"R-learner (LASSO)"
"RCT",1,0,"WATCH (Residual LASSO)","WATCH (Residual Risk)",50,0.0021731971256968,0.0106439759993109,-0.00077716249659984,0.00512355674799345,8,6,2,92,"Tie"
"RCT",1,1,"DINA Cross-Fit","DINA Gao (GLM k2)",50,-0.251779938091024,0.107811467192514,-0.281663752151291,-0.221896124030757,78,78,0,22,"DINA Cross-Fit"
"RCT",1,1,"DINA Cross-Fit","DINA Gao (LASSO k2)",50,-0.00291121674089629,0.0436633265935168,-0.0150140733956842,0.00919163991389164,14,10,4,86,"Tie"
"RCT",1,1,"DINA Cross-Fit","Dandl Extension",50,-0.024723667126782,0.050133067140927,-0.0386198443676977,-0.0108274898858663,4,4,0,96,"DINA Cross-Fit"
"RCT",1,1,"DINA Cross-Fit","R-learner (LASSO)",50,0.00569675746096605,0.046206369373021,-0.00711099468916197,0.0185045096110941,14,6,8,86,"Tie"
"RCT",1,1,"DINA Cross-Fit","WATCH (Residual LASSO)",50,-0.012270086417043,0.0526301280310703,-0.0268584136238335,0.00231824078974754,6,4,2,94,"Tie"
"RCT",1,1,"DINA Cross-Fit","WATCH (Residual Risk)",50,-0.0102504154216823,0.0507304803413635,-0.0243121871532761,0.00381135630991143,8,6,2,92,"Tie"
"RCT",1,1,"DINA Gao (GLM k2)","DINA Gao (LASSO k2)",50,0.248868721350128,0.0913861442146934,0.223537774536093,0.274199668164163,84,0,84,16,"DINA Gao (LASSO k2)"
"RCT",1,1,"DINA Gao (GLM k2)","Dandl Extension",50,0.227056270964242,0.1012938080702,0.198979059841412,0.255133482087072,78,0,78,22,"Dandl Extension"
"RCT",1,1,"DINA Gao (GLM k2)","R-learner (LASSO)",50,0.25747669555199,0.0967565080408194,0.230657159831829,0.284296231272151,82,0,82,18,"R-learner (LASSO)"
"RCT",1,1,"DINA Gao (GLM k2)","WATCH (Residual LASSO)",50,0.239509851673981,0.112833894214236,0.208233891869325,0.270785811478637,80,0,80,20,"WATCH (Residual LASSO)"
"RCT",1,1,"DINA Gao (GLM k2)","WATCH (Residual Risk)",50,0.241529522669342,0.111982305069286,0.210489611332684,0.272569434006,80,0,80,20,"WATCH (Residual Risk)"
"RCT",1,1,"DINA Gao (LASSO k2)","Dandl Extension",50,-0.0218124503858857,0.0546298399842063,-0.0369550694666093,-0.00666983130516216,10,8,2,90,"DINA Gao (LASSO k2)"
"RCT",1,1,"DINA Gao (LASSO k2)","R-learner (LASSO)",50,0.00860797420186235,0.042339145555099,-0.00312783819534633,0.020343786599071,16,8,8,84,"Tie"
"RCT",1,1,"DINA Gao (LASSO k2)","WATCH (Residual LASSO)",50,-0.00935886967614668,0.0631168608928459,-0.0268539709312061,0.00813623157891275,8,6,2,92,"Tie"
"RCT",1,1,"DINA Gao (LASSO k2)","WATCH (Residual Risk)",50,-0.00733919868078602,0.061650673352897,-0.0244278934842657,0.00974949612269368,8,6,2,92,"Tie"
"RCT",1,1,"DINA Original","DINA Cross-Fit",50,0.00762501550033059,0.078621033059347,-0.0141676230227706,0.0294176540234317,10,2,8,90,"Tie"
"RCT",1,1,"DINA Original","DINA Gao (GLM k2)",50,-0.244154922590694,0.0896185233165841,-0.268995909889069,-0.219313935292318,82,82,0,18,"DINA Original"
"RCT",1,1,"DINA Original","DINA Gao (LASSO k2)",50,0.0047137987594343,0.0639293050659299,-0.0130065005310014,0.02243409804987,18,10,8,82,"Tie"
"RCT",1,1,"DINA Original","Dandl Extension",50,-0.0170986516264514,0.0757598190531673,-0.0380982020896839,0.00390089883678106,16,12,4,84,"Tie"
"RCT",1,1,"DINA Original","R-learner (LASSO)",50,0.0133217729612966,0.0476449413756198,0.000115268996009634,0.0265282769265836,22,8,14,78,"R-learner (LASSO)"
"RCT",1,1,"DINA Original","WATCH (Residual LASSO)",50,-0.00464507091671239,0.089512701972132,-0.0294567260349078,0.020166584201483,12,10,2,88,"Tie"
"RCT",1,1,"DINA Original","WATCH (Residual Risk)",50,-0.00262539992135173,0.0900326602991276,-0.0275811801346567,0.0223303802919532,10,8,2,90,"Tie"
"RCT",1,1,"DR-learner (2-Model 2SL)","DINA Cross-Fit",50,-0.00503548844020326,0.0293888531059214,-0.0131816629106202,0.00311068603021374,10,4,6,90,"Tie"
"RCT",1,1,"DR-learner (2-Model 2SL)","DINA Gao (GLM k2)",50,-0.256815426531227,0.103285148992261,-0.285444609196557,-0.228186243865897,82,82,0,18,"DR-learner (2-Model 2SL)"
"RCT",1,1,"DR-learner (2-Model 2SL)","DINA Gao (LASSO k2)",50,-0.00794670518109955,0.0409710249295388,-0.0193032938885568,0.00340988352635773,4,2,2,96,"Tie"
"RCT",1,1,"DR-learner (2-Model 2SL)","DINA Original",50,-0.0126605039405338,0.0684620333980204,-0.0316372114238014,0.00631620354273371,14,8,6,86,"Tie"
"RCT",1,1,"DR-learner (2-Model 2SL)","DR-learner (Kennedy)",50,-0.00612009564710237,0.0481346613423459,-0.0194623430616564,0.00722215176745161,12,6,6,88,"Tie"
"RCT",1,1,"DR-learner (2-Model 2SL)","Dandl Extension",50,-0.0297591555669853,0.0406594757709794,-0.0410293872535479,-0.0184889238804226,4,4,0,96,"DR-learner (2-Model 2SL)"
"RCT",1,1,"DR-learner (2-Model 2SL)","R-learner (LASSO)",50,0.000661269020762798,0.0373826646993172,-0.00970067697665957,0.0110232150181852,14,6,8,86,"Tie"
"RCT",1,1,"DR-learner (2-Model 2SL)","WATCH (Residual LASSO)",50,-0.0173055748572462,0.0582021251922371,-0.0334383808791827,-0.00117276883530971,14,8,6,86,"DR-learner (2-Model 2SL)"
"RCT",1,1,"DR-learner (2-Model 2SL)","WATCH (Residual Risk)",50,-0.0152859038618856,0.0567471761849831,-0.0310154185945726,0.000443610870801438,14,8,6,86,"Tie"
"RCT",1,1,"DR-learner (Kennedy)","DINA Cross-Fit",50,0.0010846072068991,0.0615570709158101,-0.0159781423247247,0.0181473567385229,10,6,4,90,"Tie"
"RCT",1,1,"DR-learner (Kennedy)","DINA Gao (GLM k2)",50,-0.250695330884125,0.090378627311698,-0.275747008260727,-0.225643653507523,82,82,0,18,"DR-learner (Kennedy)"
"RCT",1,1,"DR-learner (Kennedy)","DINA Gao (LASSO k2)",50,-0.00182660953399719,0.0496849360051098,-0.015598571161434,0.0119453520934397,14,10,4,86,"Tie"
"RCT",1,1,"DR-learner (Kennedy)","DINA Original",50,-0.00654040829343148,0.0395849503368906,-0.0175127967253615,0.00443198013849854,12,10,2,88,"Tie"
"RCT",1,1,"DR-learner (Kennedy)","Dandl Extension",50,-0.0236390599198829,0.0505852080248711,-0.0376605642197534,-0.00961755562001246,18,14,4,82,"DR-learner (Kennedy)"
"RCT",1,1,"DR-learner (Kennedy)","R-learner (LASSO)",50,0.00678136466786516,0.0345799538955107,-0.00280370953004729,0.0163664388657776,16,10,6,84,"Tie"
"RCT",1,1,"DR-learner (Kennedy)","WATCH (Residual LASSO)",50,-0.0111854792101439,0.0750869795101487,-0.0319985280671969,0.0096275696469092,12,10,2,88,"Tie"
"RCT",1,1,"DR-learner (Kennedy)","WATCH (Residual Risk)",50,-0.00916580821478321,0.0744190532956549,-0.0297937173708407,0.0114621009412743,12,10,2,88,"Tie"
"RCT",1,1,"Dandl Extension","R-learner (LASSO)",50,0.0304204245877481,0.0562441433303445,0.0148303434485895,0.0460105057269066,14,2,12,86,"R-learner (LASSO)"
"RCT",1,1,"Dandl Extension","WATCH (Residual LASSO)",50,0.012453580709739,0.0626120676447088,-0.00490159899560925,0.0298087604150873,10,4,6,90,"Tie"
"RCT",1,1,"Dandl Extension","WATCH (Residual Risk)",50,0.0144732517050997,0.0611167846326284,-0.00246745669525563,0.031413960105455,8,2,6,92,"Tie"
"RCT",1,1,"R-learner (LASSO)","WATCH (Residual LASSO)",50,-0.017966843878009,0.0611268544960829,-0.0349103435021082,-0.00102334425390984,12,10,2,88,"R-learner (LASSO)"
"RCT",1,1,"R-learner (LASSO)","WATCH (Residual Risk)",50,-0.0159471728826484,0.0606534932923437,-0.0327594634752386,0.000865117709941896,12,10,2,88,"Tie"
"RCT",1,1,"WATCH (Residual LASSO)","WATCH (Residual Risk)",50,0.00201967099536066,0.0101509829965813,-0.000794037938375393,0.00483337992909671,10,6,4,90,"Tie"
"RCT",1,2,"DINA Cross-Fit","DINA Gao (GLM k2)",50,-0.209747384277863,0.108435153148115,-0.239804075264997,-0.17969069329073,42,42,0,58,"DINA Cross-Fit"
"RCT",1,2,"DINA Cross-Fit","DINA Gao (LASSO k2)",50,0.0113477777406738,0.0370341883679446,0.00108242445423404,0.0216131310271135,10,2,8,90,"DINA Gao (LASSO k2)"
"RCT",1,2,"DINA Cross-Fit","Dandl Extension",50,0.028972339652836,0.0758933663430673,0.00793577176943894,0.050008907536233,10,0,10,90,"Dandl Extension"
"RCT",1,2,"DINA Cross-Fit","R-learner (LASSO)",50,0.0313687362719317,0.0447334831174042,0.0189692473626348,0.0437682251812286,24,0,24,76,"R-learner (LASSO)"
"RCT",1,2,"DINA Cross-Fit","WATCH (Residual LASSO)",50,0.034822596911004,0.0777028824855958,0.013284456742668,0.0563607370793401,14,4,10,86,"WATCH (Residual LASSO)"
"RCT",1,2,"DINA Cross-Fit","WATCH (Residual Risk)",50,0.0359710645004034,0.0747225010234643,0.0152590439254865,0.0566830850753202,16,4,12,84,"WATCH (Residual Risk)"
"RCT",1,2,"DINA Gao (GLM k2)","DINA Gao (LASSO k2)",50,0.221095162018537,0.101956382998021,0.192834294495701,0.249356029541373,66,0,66,34,"DINA Gao (LASSO k2)"
"RCT",1,2,"DINA Gao (GLM k2)","Dandl Extension",50,0.238719723930699,0.106287063290813,0.209258453074207,0.268180994787191,74,0,74,26,"Dandl Extension"
"RCT",1,2,"DINA Gao (GLM k2)","R-learner (LASSO)",50,0.241116120549795,0.0932856896382337,0.215258646607298,0.266973594492291,70,0,70,30,"R-learner (LASSO)"
"RCT",1,2,"DINA Gao (GLM k2)","WATCH (Residual LASSO)",50,0.244569981188867,0.113154139282664,0.213205253980077,0.275934708397658,80,0,80,20,"WATCH (Residual LASSO)"
"RCT",1,2,"DINA Gao (GLM k2)","WATCH (Residual Risk)",50,0.245718448778266,0.113173398993444,0.214348383050014,0.277088514506519,76,0,76,24,"WATCH (Residual Risk)"
"RCT",1,2,"DINA Gao (LASSO k2)","Dandl Extension",50,0.0176245619121622,0.0730191648148628,-0.00261531795392748,0.0378644417782519,12,2,10,88,"Tie"
"RCT",1,2,"DINA Gao (LASSO k2)","R-learner (LASSO)",50,0.0200209585312579,0.0379957879430536,0.00948906344132268,0.0305528536211932,28,0,28,72,"R-learner (LASSO)"
"RCT",1,2,"DINA Gao (LASSO k2)","WATCH (Residual LASSO)",50,0.0234748191703303,0.0690809774773515,0.00432654914123997,0.0426230891994206,14,6,8,86,"WATCH (Residual LASSO)"
"RCT",1,2,"DINA Gao (LASSO k2)","WATCH (Residual Risk)",50,0.0246232867597296,0.0665844365560585,0.00616702256850205,0.0430795509509572,14,4,10,86,"WATCH (Residual Risk)"
"RCT",1,2,"DINA Original","DINA Cross-Fit",50,-0.0215001408413808,0.0462932918945623,-0.0343319866852414,-0.00866829499752027,26,26,0,74,"DINA Original"
"RCT",1,2,"DINA Original","DINA Gao (GLM k2)",50,-0.231247525119244,0.0981039709536255,-0.258440558503317,-0.20405449173517,70,70,0,30,"DINA Original"
"RCT",1,2,"DINA Original","DINA Gao (LASSO k2)",50,-0.0101523631007071,0.0448987792088439,-0.0225976697489709,0.00229294354755679,26,20,6,74,"Tie"
"RCT",1,2,"DINA Original","Dandl Extension",50,0.00747219881145515,0.071987535699264,-0.0124817280528573,0.0274261256757676,10,4,6,90,"Tie"
"RCT",1,2,"DINA Original","R-learner (LASSO)",50,0.00986859543055084,0.0247898596230905,0.00299719691564408,0.0167399939454576,16,0,16,84,"R-learner (LASSO)"
"RCT",1,2,"DINA Original","WATCH (Residual LASSO)",50,0.0133224560696232,0.0803887471082203,-0.0089601677892115,0.0356050799284579,16,8,8,84,"Tie"
"RCT",1,2,"DINA Original","WATCH (Residual Risk)",50,0.0144709236590225,0.0777297414355299,-0.00707466143040201,0.0360165087484471,18,8,10,82,"Tie"
"RCT",1,2,"DR-learner (2-Model 2SL)","DINA Cross-Fit",50,-0.0176500030882732,0.0301060256021013,-0.0259949676325393,-0.00930503854400708,18,18,0,82,"DR-learner (2-Model 2SL)"
"RCT",1,2,"DR-learner (2-Model 2SL)","DINA Gao (GLM k2)",50,-0.227397387366136,0.107019793282381,-0.257061760614189,-0.197733014118084,60,60,0,40,"DR-learner (2-Model 2SL)"
"RCT",1,2,"DR-learner (2-Model 2SL)","DINA Gao (LASSO k2)",50,-0.00630222534759942,0.0353929029631956,-0.0161126375305314,0.00350818683533257,8,6,2,92,"Tie"
"RCT",1,2,"DR-learner (2-Model 2SL)","DINA Original",50,0.00385013775310765,0.0476182235616575,-0.00934896041198633,0.0170492359182016,22,4,18,78,"Tie"
"RCT",1,2,"DR-learner (2-Model 2SL)","DR-learner (Kennedy)",50,0.0112325960188181,0.0483721384104717,-0.00217547668067313,0.0246406687183093,20,4,16,80,"Tie"
"RCT",1,2,"DR-learner (2-Model 2SL)","Dandl Extension",50,0.0113223365645628,0.067556338428493,-0.00740332508128612,0.0300479982104118,6,0,6,94,"Tie"
"RCT",1,2,"DR-learner (2-Model 2SL)","R-learner (LASSO)",50,0.0137187331836585,0.040936948017819,0.00237159011422195,0.0250658762530951,18,0,18,82,"R-learner (LASSO)"
"RCT",1,2,"DR-learner (2-Model 2SL)","WATCH (Residual LASSO)",50,0.0171725938227309,0.0754079258595867,-0.0037294168236354,0.0380746044690971,20,6,14,80,"Tie"
"RCT",1,2,"DR-learner (2-Model 2SL)","WATCH (Residual Risk)",50,0.0183210614121302,0.0726016132594288,-0.00180307906771332,0.0384452018919737,18,4,14,82,"Tie"
"RCT",1,2,"DR-learner (Kennedy)","DINA Cross-Fit",50,-0.0288825991070912,0.0591506645444215,-0.0452783268234233,-0.0124868713907592,26,24,2,74,"DR-learner (Kennedy)"
"RCT",1,2,"DR-learner (Kennedy)","DINA Gao (GLM k2)",50,-0.238629983384954,0.0978406931188036,-0.265750039876431,-0.211509926893478,84,84,0,16,"DR-learner (Kennedy)"
"RCT",1,2,"DR-learner (Kennedy)","DINA Gao (LASSO k2)",50,-0.0175348213664175,0.05387959079375,-0.0324694819814017,-0.00260016075143326,22,20,2,78,"DR-learner (Kennedy)"
"RCT",1,2,"DR-learner (Kennedy)","DINA Original",50,-0.0073824582657104,0.0479628303777079,-0.0206770765668615,0.00591216003544074,16,10,6,84,"Tie"
"RCT",1,2,"DR-learner (Kennedy)","Dandl Extension",50,8.97405457447559e-05,0.0554036577191652,-0.0152673698679532,0.0154468509594427,14,4,10,86,"Tie"
"RCT",1,2,"DR-learner (Kennedy)","R-learner (LASSO)",50,0.00248613716484044,0.035446618802834,-0.00733916428920201,0.0123114386188829,16,8,8,84,"Tie"
"RCT",1,2,"DR-learner (Kennedy)","WATCH (Residual LASSO)",50,0.00593999780391281,0.0836628190249743,-0.0172501524890582,0.0291301480968838,14,8,6,86,"Tie"
"RCT",1,2,"DR-learner (Kennedy)","WATCH (Residual Risk)",50,0.00708846539331213,0.0809343696604524,-0.01534539732093,0.0295223281075543,18,10,8,82,"Tie"
"RCT",1,2,"Dandl Extension","R-learner (LASSO)",50,0.00239639661909569,0.0629361713052404,-0.015048620037551,0.0198414132757423,10,6,4,90,"Tie"
"RCT",1,2,"Dandl Extension","WATCH (Residual LASSO)",50,0.00585025725816805,0.0681990552141093,-0.0130535563914976,0.0247540709078337,8,0,8,92,"Tie"
"RCT",1,2,"Dandl Extension","WATCH (Residual Risk)",50,0.00699872484756737,0.0669270889092839,-0.0115525177302618,0.0255499674253966,8,0,8,92,"Tie"
"RCT",1,2,"R-learner (LASSO)","WATCH (Residual LASSO)",50,0.00345386063907236,0.0685888611678538,-0.0155580017084233,0.022465722986568,16,10,6,84,"Tie"
"RCT",1,2,"R-learner (LASSO)","WATCH (Residual Risk)",50,0.00460232822847169,0.0662520971474553,-0.0137618161785602,0.0229664726355036,16,10,6,84,"Tie"
"RCT",1,2,"WATCH (Residual LASSO)","WATCH (Residual Risk)",50,0.00114846758939933,0.0103545333535381,-0.00172166262472182,0.00401859780352048,8,4,4,92,"Tie"
"RCT",2,0,"DINA Cross-Fit","DINA Gao (GLM k2)",50,-0.264547194978,0.101832824888296,-0.292773813940151,-0.236320576015848,88,88,0,12,"DINA Cross-Fit"
"RCT",2,0,"DINA Cross-Fit","DINA Gao (LASSO k2)",50,0.00897776679463603,0.0363729143632819,-0.0011042906892993,0.0190598242785714,18,8,10,82,"Tie"
"RCT",2,0,"DINA Cross-Fit","Dandl Extension",50,-0.0320341151824965,0.0587500478933562,-0.0483187976285838,-0.0157494327364093,22,20,2,78,"DINA Cross-Fit"
"RCT",2,0,"DINA Cross-Fit","R-learner (LASSO)",50,0.0101193035806704,0.0454145903684641,-0.00246897862655487,0.0227075857878957,14,6,8,86,"Tie"
"RCT",2,0,"DINA Cross-Fit","WATCH (Residual LASSO)",50,-0.0294700646350219,0.0659395743678363,-0.0477475821471702,-0.0111925471228736,12,10,2,88,"DINA Cross-Fit"
"RCT",2,0,"DINA Cross-Fit","WATCH (Residual Risk)",50,-0.0288128156202307,0.0650643706283077,-0.0468477390327159,-0.0107778922077455,10,10,0,90,"DINA Cross-Fit"
"RCT",2,0,"DINA Gao (GLM k2)","DINA Gao (LASSO k2)",50,0.273524961772636,0.0995222161817439,0.245938810867832,0.301111112677439,88,0,88,12,"DINA Gao (LASSO k2)"
"RCT",2,0,"DINA Gao (GLM k2)","Dandl Extension",50,0.232513079795503,0.0981621113227044,0.205303930723329,0.259722228867677,80,0,80,20,"Dandl Extension"
"RCT",2,0,"DINA Gao (GLM k2)","R-learner (LASSO)",50,0.27466649855867,0.0931023620357585,0.248859840435002,0.300473156682338,86,0,86,14,"R-learner (LASSO)"
"RCT",2,0,"DINA Gao (GLM k2)","WATCH (Residual LASSO)",50,0.235077130342978,0.117091414778438,0.202621046046822,0.267533214639133,76,0,76,24,"WATCH (Residual LASSO)"
"RCT",2,0,"DINA Gao (GLM k2)","WATCH (Residual Risk)",50,0.235734379357769,0.115364531941348,0.203756962562866,0.267711796152671,74,0,74,26,"WATCH (Residual Risk)"
"RCT",2,0,"DINA Gao (LASSO k2)","Dandl Extension",50,-0.0410118819771326,0.0613440407060382,-0.0580155825472329,-0.0240081814070323,24,22,2,76,"DINA Gao (LASSO k2)"
"RCT",2,0,"DINA Gao (LASSO k2)","R-learner (LASSO)",50,0.00114153678603439,0.0467701335608823,-0.0118224828243426,0.0141055563964113,18,8,10,82,"Tie"
"RCT",2,0,"DINA Gao (LASSO k2)","WATCH (Residual LASSO)",50,-0.0384478314296579,0.0650419610738678,-0.0564765432305633,-0.0204191196287526,16,14,2,84,"DINA Gao (LASSO k2)"
"RCT",2,0,"DINA Gao (LASSO k2)","WATCH (Residual Risk)",50,-0.0377905824148667,0.0651253121536525,-0.0558423979563562,-0.0197387668733773,14,12,2,86,"DINA Gao (LASSO k2)"
"RCT",2,0,"DINA Original","DINA Cross-Fit",50,-0.00440126981041273,0.0699766253223524,-0.0237978007560871,0.0149952611352617,18,14,4,82,"Tie"
"RCT",2,0,"DINA Original","DINA Gao (GLM k2)",50,-0.268948464788412,0.0895721211372587,-0.293776590058888,-0.244120339517936,86,86,0,14,"DINA Original"
"RCT",2,0,"DINA Original","DINA Gao (LASSO k2)",50,0.0045764969842233,0.0717628712759703,-0.0153151560791058,0.0244681500475524,20,12,8,80,"Tie"
"RCT",2,0,"DINA Original","Dandl Extension",50,-0.0364353849929093,0.057100747614212,-0.052262904725651,-0.0206078652601676,22,20,2,78,"DINA Original"
"RCT",2,0,"DINA Original","R-learner (LASSO)",50,0.00571803377025769,0.0385418425772986,-0.00496521994210854,0.0164012874826239,24.4897959183673,10,14,76,"Tie"
"RCT",2,0,"DINA Original","WATCH (Residual LASSO)",50,-0.0338713344454346,0.0787838367210036,-0.0557090998412143,-0.012033569049655,20,18,2,80,"DINA Original"
"RCT",2,0,"DINA Original","WATCH (Residual Risk)",50,-0.0332140854306434,0.0784282976224393,-0.0549533004162549,-0.0114748704450319,18,16,2,82,"DINA Original"
"RCT",2,0,"DR-learner (2-Model 2SL)","DINA Cross-Fit",50,-0.00236131752651198,0.0293423479817251,-0.0104946014341668,0.0057719663811428,16,12,4,84,"Tie"
"RCT",2,0,"DR-learner (2-Model 2SL)","DINA Gao (GLM k2)",50,-0.266908512504512,0.0998419073736803,-0.294583277286719,-0.239233747722304,90,90,0,10,"DR-learner (2-Model 2SL)"
"RCT",2,0,"DR-learner (2-Model 2SL)","DINA Gao (LASSO k2)",50,0.00661644926812405,0.0377875632475614,-0.00385772888088751,0.0170906274171356,14,6,8,86,"Tie"
"RCT",2,0,"DR-learner (2-Model 2SL)","DINA Original",50,0.00203995228390075,0.0535691984161814,-0.0128086719535206,0.0168885765213221,6,2,4,94,"Tie"
"RCT",2,0,"DR-learner (2-Model 2SL)","DR-learner (Kennedy)",50,0.004319299434988,0.0460802637823446,-0.00845349802876142,0.0170920968987374,12,6,6,88,"Tie"
"RCT",2,0,"DR-learner (2-Model 2SL)","Dandl Extension",50,-0.0343954327090085,0.0444936478566358,-0.0467284426757167,-0.0220624227423004,18,18,0,82,"DR-learner (2-Model 2SL)"
"RCT",2,0,"DR-learner (2-Model 2SL)","R-learner (LASSO)",50,0.00775798605415843,0.0282862276539712,-8.25562340588766e-05,0.0155985283423757,8,4,4,92,"Tie"
"RCT",2,0,"DR-learner (2-Model 2SL)","WATCH (Residual LASSO)",50,-0.0318313821615339,0.0616106693138017,-0.0489089884111045,-0.0147537759119633,12,12,0,88,"DR-learner (2-Model 2SL)"
"RCT",2,0,"DR-learner (2-Model 2SL)","WATCH (Residual Risk)",50,-0.0311741331467427,0.0612852832582918,-0.0481615469832623,-0.0141867193102231,14,14,0,86,"DR-learner (2-Model 2SL)"
"RCT",2,0,"DR-learner (Kennedy)","DINA Cross-Fit",50,-0.00668061696149999,0.0634631295913936,-0.0242716990029429,0.0109104650799429,20,14,6,80,"Tie"
"RCT",2,0,"DR-learner (Kennedy)","DINA Gao (GLM k2)",50,-0.2712278119395,0.0907502884750789,-0.296382508534642,-0.246073115344357,90,90,0,10,"DR-learner (Kennedy)"
"RCT",2,0,"DR-learner (Kennedy)","DINA Gao (LASSO k2)",50,0.00229714983313604,0.0650937696545055,-0.0157459225736568,0.0203402222399289,22,14,8,78,"Tie"
"RCT",2,0,"DR-learner (Kennedy)","DINA Original",50,-0.00227934715108725,0.0191448864518017,-0.0075860389328525,0.00302734463067799,20,8,12,80,"Tie"
"RCT",2,0,"DR-learner (Kennedy)","Dandl Extension",50,-0.0387147321439965,0.0446193160484544,-0.0510825755563055,-0.0263468887316875,22,20,2,78,"DR-learner (Kennedy)"
"RCT",2,0,"DR-learner (Kennedy)","R-learner (LASSO)",50,0.00343868661917043,0.0313279153375169,-0.00524496848006329,0.0121223417184041,28,16,12,72,"Tie"
"RCT",2,0,"DR-learner (Kennedy)","WATCH (Residual LASSO)",50,-0.0361506815965219,0.0709918413022893,-0.055828616054879,-0.0164727471381648,16,14,2,84,"DR-learner (Kennedy)"
"RCT",2,0,"DR-learner (Kennedy)","WATCH (Residual Risk)",50,-0.0354934325817307,0.0704164476667253,-0.0550118760613967,-0.0159749891020647,14,12,2,86,"DR-learner (Kennedy)"
"RCT",2,0,"Dandl Extension","R-learner (LASSO)",50,0.042153418763167,0.0394959351054381,0.0312057040945622,0.0531011334317717,16,0,16,84,"R-learner (LASSO)"
"RCT",2,0,"Dandl Extension","WATCH (Residual LASSO)",50,0.00256405054747463,0.0664591051340393,-0.015857473545978,0.0209855746409272,14,8,6,86,"Tie"
"RCT",2,0,"Dandl Extension","WATCH (Residual Risk)",50,0.00322129956226583,0.0643468763750339,-0.0146147445898541,0.0210573437143857,14,8,6,86,"Tie"
"RCT",2,0,"R-learner (LASSO)","WATCH (Residual LASSO)",50,-0.0395893682156923,0.0560479900727911,-0.0551250784458123,-0.0240536579855724,14,14,0,86,"R-learner (LASSO)"
"RCT",2,0,"R-learner (LASSO)","WATCH (Residual Risk)",50,-0.0389321192009011,0.0559530436073524,-0.054441511613513,-0.0234227267882892,14,14,0,86,"R-learner (LASSO)"
"RCT",2,0,"WATCH (Residual LASSO)","WATCH (Residual Risk)",50,0.000657249014791204,0.0107577238190898,-0.00232463989455208,0.00363913792413449,20,14,6,80,"Tie"
"RCT",2,1,"DINA Cross-Fit","DINA Gao (GLM k2)",50,-0.253712294333931,0.0993882690429267,-0.281261316986104,-0.226163271681757,76,76,0,24,"DINA Cross-Fit"
"RCT",2,1,"DINA Cross-Fit","DINA Gao (LASSO k2)",50,-0.00401395129588102,0.0431085628590344,-0.0159630352888143,0.00793513269705225,18,10,8,82,"Tie"
"RCT",2,1,"DINA Cross-Fit","Dandl Extension",50,-0.0262500676150203,0.0516757162482469,-0.0405738453726887,-0.0119262898573518,6,6,0,94,"DINA Cross-Fit"
"RCT",2,1,"DINA Cross-Fit","R-learner (LASSO)",50,0.00262134088450476,0.0431090706185416,-0.00932788385218329,0.0145705656211928,14,4,10,86,"Tie"
"RCT",2,1,"DINA Cross-Fit","WATCH (Residual LASSO)",50,-0.0133359282682432,0.0659271854797612,-0.0316100117558179,0.00493815521933151,12,8,4,88,"Tie"
"RCT",2,1,"DINA Cross-Fit","WATCH (Residual Risk)",50,-0.0128149863097792,0.0644907156907949,-0.0306909006860848,0.00506092806652642,12,8,4,88,"Tie"
"RCT",2,1,"DINA Gao (GLM k2)","DINA Gao (LASSO k2)",50,0.24969834303805,0.0899437725133573,0.224767201261929,0.27462948481417,80,0,80,20,"DINA Gao (LASSO k2)"
"RCT",2,1,"DINA Gao (GLM k2)","Dandl Extension",50,0.22746222671891,0.0995948519377169,0.19985594220975,0.255068511228071,78,0,78,22,"Dandl Extension"
"RCT",2,1,"DINA Gao (GLM k2)","R-learner (LASSO)",50,0.256333635218435,0.0916508354456916,0.230929319738371,0.281737950698499,78,0,78,22,"R-learner (LASSO)"
"RCT",2,1,"DINA Gao (GLM k2)","WATCH (Residual LASSO)",50,0.240376366065687,0.1158686590112,0.208259212376273,0.272493519755101,78,0,78,22,"WATCH (Residual LASSO)"
"RCT",2,1,"DINA Gao (GLM k2)","WATCH (Residual Risk)",50,0.240897308024151,0.113738206837843,0.209370685548817,0.272423930499486,76,0,76,24,"WATCH (Residual Risk)"
"RCT",2,1,"DINA Gao (LASSO k2)","Dandl Extension",50,-0.0222361163191393,0.061649529184431,-0.0393244939753008,-0.00514773866297778,12,8,4,88,"DINA Gao (LASSO k2)"
"RCT",2,1,"DINA Gao (LASSO k2)","R-learner (LASSO)",50,0.00663529218038578,0.0464572957591036,-0.00624201321541987,0.0195125975761914,20,6,14,80,"Tie"
"RCT",2,1,"DINA Gao (LASSO k2)","WATCH (Residual LASSO)",50,-0.00932197697236218,0.0779429750822551,-0.0309266674131567,0.0122827134684324,14,10,4,86,"Tie"
"RCT",2,1,"DINA Gao (LASSO k2)","WATCH (Residual Risk)",50,-0.00880103501389818,0.0770321064330923,-0.0301532455464442,0.0125511755186478,16,12,4,84,"Tie"
"RCT",2,1,"DINA Original","DINA Cross-Fit",50,0.0096325122106592,0.0667402010767973,-0.00886692770293037,0.0281319521242488,16,10,6,84,"Tie"
"RCT",2,1,"DINA Original","DINA Gao (GLM k2)",50,-0.244079782123271,0.0853867376845491,-0.267747778289407,-0.220411785957136,78,78,0,22,"DINA Original"
"RCT",2,1,"DINA Original","DINA Gao (LASSO k2)",50,0.00561856091477817,0.0640172215213581,-0.0121261075738075,0.0233632294033639,26,12,14,74,"Tie"
"RCT",2,1,"DINA Original","Dandl Extension",50,-0.0166175554043611,0.067227545251363,-0.0352520802312287,0.0020169694225065,12,10,2,88,"Tie"
"RCT",2,1,"DINA Original","R-learner (LASSO)",50,0.012253853095164,0.0425208789461679,0.000467666771983691,0.0240400394183442,18,6,12,82,"R-learner (LASSO)"
"RCT",2,1,"DINA Original","WATCH (Residual LASSO)",50,-0.003703416057584,0.0842194715582551,-0.0270478625607256,0.0196410304455576,18,12,6,82,"Tie"
"RCT",2,1,"DINA Original","WATCH (Residual Risk)",50,-0.00318247409912,0.0823876633644916,-0.0260191692759694,0.0196542210777294,18,12,6,82,"Tie"
"RCT",2,1,"DR-learner (2-Model 2SL)","DINA Cross-Fit",50,-0.00406411642993326,0.0244572770609339,-0.0108433277619179,0.00271509490205142,4,4,0,96,"Tie"
"RCT",2,1,"DR-learner (2-Model 2SL)","DINA Gao (GLM k2)",50,-0.257776410763864,0.100370803467156,-0.285597778063653,-0.229955043464075,84,84,0,16,"DR-learner (2-Model 2SL)"
"RCT",2,1,"DR-learner (2-Model 2SL)","DINA Gao (LASSO k2)",50,-0.00807806772581427,0.0447182698061381,-0.0204733397203714,0.00431720426874288,16,12,4,84,"Tie"
"RCT",2,1,"DR-learner (2-Model 2SL)","DINA Original",50,-0.0136966286405924,0.0631079425679542,-0.0311892578621128,0.00379600058092792,16,12,4,84,"Tie"
"RCT",2,1,"DR-learner (2-Model 2SL)","DR-learner (Kennedy)",50,-0.00970515670541326,0.0459073591305915,-0.0224300274448754,0.00301971403404885,10,6,4,90,"Tie"
"RCT",2,1,"DR-learner (2-Model 2SL)","Dandl Extension",50,-0.0303141840449535,0.0407309583518431,-0.0416042296920411,-0.019024138397866,8,8,0,92,"DR-learner (2-Model 2SL)"
"RCT",2,1,"DR-learner (2-Model 2SL)","R-learner (LASSO)",50,-0.00144277554542849,0.0352361078450805,-0.0112097263389802,0.00832417524812325,8,2,6,92,"Tie"
"RCT",2,1,"DR-learner (2-Model 2SL)","WATCH (Residual LASSO)",50,-0.0174000446981765,0.0633259468474491,-0.0349531016230054,0.000153012226652482,12,10,2,88,"Tie"
"RCT",2,1,"DR-learner (2-Model 2SL)","WATCH (Residual Risk)",50,-0.0168791027397125,0.0619763483956369,-0.0340580700594165,0.000299864579991625,10,10,0,90,"Tie"
"RCT",2,1,"DR-learner (Kennedy)","DINA Cross-Fit",50,0.00564104027548,0.0550644261936807,-0.00962203995668953,0.0209041205076495,14,10,4,86,"Tie"
"RCT",2,1,"DR-learner (Kennedy)","DINA Gao (GLM k2)",50,-0.248071254058451,0.0913019436180415,-0.27337886165784,-0.222763646459062,78,78,0,22,"DR-learner (Kennedy)"
"RCT",2,1,"DR-learner (Kennedy)","DINA Gao (LASSO k2)",50,0.00162708897959898,0.0577926988066166,-0.0143922298382593,0.0176464077974573,18,10,8,82,"Tie"
"RCT",2,1,"DR-learner (Kennedy)","DINA Original",50,-0.00399147193517919,0.03883626434429,-0.0147563351977091,0.00677339132735073,16,8,8,84,"Tie"
"RCT",2,1,"DR-learner (Kennedy)","Dandl Extension",50,-0.0206090273395403,0.0468761323851812,-0.0336024283250014,-0.0076156263540792,16,12,4,84,"DR-learner (Kennedy)"
"RCT",2,1,"DR-learner (Kennedy)","R-learner (LASSO)",50,0.00826238115998476,0.0360223711391146,-0.00172251069951476,0.0182472730194843,16,4,12,84,"Tie"
"RCT",2,1,"DR-learner (Kennedy)","WATCH (Residual LASSO)",50,-0.00769488799276319,0.0716621532033361,-0.0275586234306904,0.012168847445164,14,10,4,86,"Tie"
"RCT",2,1,"DR-learner (Kennedy)","WATCH (Residual Risk)",50,-0.0071739460342992,0.0696047412271466,-0.0264673959678837,0.0121195038992853,14,12,2,86,"Tie"
"RCT",2,1,"Dandl Extension","R-learner (LASSO)",50,0.028871408499525,0.0493969406119652,0.0151792751223018,0.0425635418767482,16,0,16,84,"R-learner (LASSO)"
"RCT",2,1,"Dandl Extension","WATCH (Residual LASSO)",50,0.0129141393467771,0.0658962322595567,-0.00535136434589041,0.0311796430394446,12,6,6,88,"Tie"
"RCT",2,1,"Dandl Extension","WATCH (Residual Risk)",50,0.0134350813052411,0.062765058399414,-0.00396250527375066,0.0308326678842329,12,6,6,88,"Tie"
"RCT",2,1,"R-learner (LASSO)","WATCH (Residual LASSO)",50,-0.015957269152748,0.0649013899062329,-0.0339470166139107,0.00203247830841478,16,12,4,84,"Tie"
"RCT",2,1,"R-learner (LASSO)","WATCH (Residual Risk)",50,-0.015436327194284,0.0634454970902826,-0.0330225217557737,0.00214986736720579,12,12,0,88,"Tie"
"RCT",2,1,"WATCH (Residual LASSO)","WATCH (Residual Risk)",50,0.000520941958463994,0.0107868924255561,-0.00246903207609589,0.00351091599302388,16,12,4,84,"Tie"
"RCT",2,2,"DINA Cross-Fit","DINA Gao (GLM k2)",50,-0.219440624936478,0.104834543768659,-0.248499277922634,-0.190381971950323,60,60,0,40,"DINA Cross-Fit"
"RCT",2,2,"DINA Cross-Fit","DINA Gao (LASSO k2)",50,0.0072876570490108,0.0435083244416321,-0.00477223520128025,0.0193475492993018,12,6,6,88,"Tie"
"RCT",2,2,"DINA Cross-Fit","Dandl Extension",50,-0.0115344637474611,0.0705125503240706,-0.0310795455246811,0.00801061802975883,10,6,4,90,"Tie"
"RCT",2,2,"DINA Cross-Fit","R-learner (LASSO)",50,0.0289586441895692,0.0574522215594747,0.013033700849666,0.0448835875294723,26,4,22,74,"R-learner (LASSO)"
"RCT",2,2,"DINA Cross-Fit","WATCH (Residual LASSO)",50,0.0199603036207611,0.0870938646740902,-0.00418088400506964,0.0441014912465918,18,8,10,82,"Tie"
"RCT",2,2,"DINA Cross-Fit","WATCH (Residual Risk)",50,0.019794942670674,0.086273446500663,-0.00411883663965176,0.0437087219809999,20,8,12,80,"Tie"
"RCT",2,2,"DINA Gao (GLM k2)","DINA Gao (LASSO k2)",50,0.226728281985489,0.0906032211215704,0.201614350380946,0.251842213590033,68,0,68,32,"DINA Gao (LASSO k2)"
"RCT",2,2,"DINA Gao (GLM k2)","Dandl Extension",50,0.207906161189017,0.0965835284413452,0.181134572967592,0.234677749410442,60,0,60,40,"Dandl Extension"
"RCT",2,2,"DINA Gao (GLM k2)","R-learner (LASSO)",50,0.248399269126048,0.0850570871542979,0.224822647425054,0.271975890827041,78,0,78,22,"R-learner (LASSO)"
"RCT",2,2,"DINA Gao (GLM k2)","WATCH (Residual LASSO)",50,0.239400928557239,0.114619036665679,0.207630152510126,0.271171704604353,78,0,78,22,"WATCH (Residual LASSO)"
"RCT",2,2,"DINA Gao (GLM k2)","WATCH (Residual Risk)",50,0.239235567607152,0.112538502651201,0.208041486166409,0.270429649047896,72,0,72,28,"WATCH (Residual Risk)"
"RCT",2,2,"DINA Gao (LASSO k2)","Dandl Extension",50,-0.0188221207964719,0.071412940272877,-0.038616777934389,0.000972536341445215,10,4,6,90,"Tie"
"RCT",2,2,"DINA Gao (LASSO k2)","R-learner (LASSO)",50,0.0216709871405584,0.0461045206410565,0.00889146601860905,0.0344505082625077,20,0,20,80,"R-learner (LASSO)"
"RCT",2,2,"DINA Gao (LASSO k2)","WATCH (Residual LASSO)",50,0.0126726465717503,0.0901755797445469,-0.0123227488906903,0.0376680420341909,20,10,10,80,"Tie"
"RCT",2,2,"DINA Gao (LASSO k2)","WATCH (Residual Risk)",50,0.0125072856216633,0.0884274998574164,-0.012003566817017,0.0370181380603435,22,8,14,78,"Tie"
"RCT",2,2,"DINA Original","DINA Cross-Fit",50,-0.0187258739742083,0.0506587087785927,-0.0327677516435792,-0.00468399630483731,20,14,6,80,"DINA Original"
"RCT",2,2,"DINA Original","DINA Gao (GLM k2)",50,-0.238166498910687,0.0899166583951577,-0.263090125036684,-0.213242872784689,80,80,0,20,"DINA Original"
"RCT",2,2,"DINA Original","DINA Gao (LASSO k2)",50,-0.0114382169251975,0.0451855268266555,-0.0239630059579985,0.00108657210760351,18,16,2,82,"Tie"
"RCT",2,2,"DINA Original","Dandl Extension",50,-0.0302603377216694,0.060914524394299,-0.0471449824442786,-0.0133756929990602,14,12,2,86,"DINA Original"
"RCT",2,2,"DINA Original","R-learner (LASSO)",50,0.0102327702153609,0.0328268683390201,0.00113362654196636,0.0193319138887554,20,6,14,80,"R-learner (LASSO)"
"RCT",2,2,"DINA Original","WATCH (Residual LASSO)",50,0.00123442964655279,0.0763648838465586,-0.0199328362207177,0.0224016955138232,16,10,6,84,"Tie"
"RCT",2,2,"DINA Original","WATCH (Residual Risk)",50,0.00106906869646578,0.0748733797044206,-0.0196847733151198,0.0218229107080514,16,10,6,84,"Tie"
"RCT",2,2,"DR-learner (2-Model 2SL)","DINA Cross-Fit",50,-0.0117064479751771,0.0280049298991353,-0.0194690185038034,-0.0039438774465508,16,14,2,84,"DR-learner (2-Model 2SL)"
"RCT",2,2,"DR-learner (2-Model 2SL)","DINA Gao (GLM k2)",50,-0.231147072911655,0.103409299312202,-0.259810668289967,-0.202483477533344,70,70,0,30,"DR-learner (2-Model 2SL)"
"RCT",2,2,"DR-learner (2-Model 2SL)","DINA Gao (LASSO k2)",50,-0.00441879092616631,0.0421052060898899,-0.0160897586119383,0.00725217675960564,10,6,4,90,"Tie"
"RCT",2,2,"DR-learner (2-Model 2SL)","DINA Original",50,0.00701942599903116,0.0478826822747253,-0.00625297638140962,0.020291828379472,16,6,10,84,"Tie"
"RCT",2,2,"DR-learner (2-Model 2SL)","DR-learner (Kennedy)",50,0.0119793316994025,0.0483978800223786,-0.00143587621087719,0.0253945396096823,20,4,16,80,"Tie"
"RCT",2,2,"DR-learner (2-Model 2SL)","Dandl Extension",50,-0.0232409117226382,0.0623184809791573,-0.0405147133561322,-0.0059671100891443,8,6,2,92,"DR-learner (2-Model 2SL)"
"RCT",2,2,"DR-learner (2-Model 2SL)","R-learner (LASSO)",50,0.0172521962143921,0.0476130650323639,0.00405452792066751,0.0304498645081166,22,6,16,78,"R-learner (LASSO)"
"RCT",2,2,"DR-learner (2-Model 2SL)","WATCH (Residual LASSO)",50,0.00825385564558396,0.0820246026653863,-0.0144822042397962,0.0309899155309641,20,8,12,80,"Tie"
"RCT",2,2,"DR-learner (2-Model 2SL)","WATCH (Residual Risk)",50,0.00808849469549695,0.0806038083296352,-0.0142537410925666,0.0304307304835605,20,8,12,80,"Tie"
"RCT",2,2,"DR-learner (Kennedy)","DINA Cross-Fit",50,-0.0236857796745796,0.0588175628232552,-0.0399891763044539,-0.00738238304470537,32,28,4,68,"DR-learner (Kennedy)"
"RCT",2,2,"DR-learner (Kennedy)","DINA Gao (GLM k2)",50,-0.243126404611058,0.0876760494936408,-0.267428965635742,-0.218823843586375,78,78,0,22,"DR-learner (Kennedy)"
"RCT",2,2,"DR-learner (Kennedy)","DINA Gao (LASSO k2)",50,-0.0163981226255689,0.0526571387196185,-0.0309939368132458,-0.00180230843789186,20,20,0,80,"DR-learner (Kennedy)"
"RCT",2,2,"DR-learner (Kennedy)","DINA Original",50,-0.00495990570037138,0.033363454725179,-0.0142077835317253,0.00428797213098253,24,14,10,76,"Tie"
"RCT",2,2,"DR-learner (Kennedy)","Dandl Extension",50,-0.0352202434220408,0.0498623101796935,-0.0490413706622866,-0.021399116181795,20,18,2,80,"DR-learner (Kennedy)"
"RCT",2,2,"DR-learner (Kennedy)","R-learner (LASSO)",50,0.00527286451498951,0.0230217554389538,-0.00110844052420589,0.0116541695541849,18,10,8,82,"Tie"
"RCT",2,2,"DR-learner (Kennedy)","WATCH (Residual LASSO)",50,-0.00372547605381858,0.0699392979484517,-0.023111660379323,0.0156607082716858,16,10,6,84,"Tie"
"RCT",2,2,"DR-learner (Kennedy)","WATCH (Residual Risk)",50,-0.0038908370039056,0.0679036764560996,-0.0227127758390309,0.0149311018312197,16,10,6,84,"Tie"
"RCT",2,2,"Dandl Extension","R-learner (LASSO)",50,0.0404931079370303,0.056452658489258,0.0248452293445953,0.0561409865294652,16,2,14,84,"R-learner (LASSO)"
"RCT",2,2,"Dandl Extension","WATCH (Residual LASSO)",50,0.0314947673682222,0.0839201945085763,0.0082332762309429,0.0547562585055015,28,8,20,72,"WATCH (Residual LASSO)"
"RCT",2,2,"Dandl Extension","WATCH (Residual Risk)",50,0.0313294064181352,0.0813460966703663,0.00878141879929556,0.0538773940369748,24,6,18,76,"WATCH (Residual Risk)"
"RCT",2,2,"R-learner (LASSO)","WATCH (Residual LASSO)",50,-0.00899834056880809,0.0690973909277318,-0.0281511601742285,0.0101544790366123,14,10,4,86,"Tie"
"RCT",2,2,"R-learner (LASSO)","WATCH (Residual Risk)",50,-0.0091637015188951,0.0671023250653338,-0.0277635170810311,0.00943611404324088,16,12,4,84,"Tie"
"RCT",2,2,"WATCH (Residual LASSO)","WATCH (Residual Risk)",50,-0.000165360950087015,0.0107050031583441,-0.00313263643783533,0.0028019145376613,16,12,4,84,"Tie"
"RCT",3,0,"DINA Cross-Fit","DINA Gao (GLM k2)",50,-0.284032172100562,0.102647133837126,-0.312484505987555,-0.255579838213568,90,90,0,10,"DINA Cross-Fit"
"RCT",3,0,"DINA Cross-Fit","DINA Gao (LASSO k2)",50,0.00178435922961259,0.0294008325996827,-0.00636513578706375,0.00993385424628893,10,2,8,90,"Tie"
"RCT",3,0,"DINA Cross-Fit","Dandl Extension",50,-0.0522229981126376,0.0536646481645459,-0.0670980796704767,-0.0373479165547985,20,20,0,80,"DINA Cross-Fit"
"RCT",3,0,"DINA Cross-Fit","R-learner (LASSO)",50,-0.00979625180107892,0.0644977221452812,-0.0276741082674844,0.00808160466532661,12,4,8,88,"Tie"
"RCT",3,0,"DINA Cross-Fit","WATCH (Residual LASSO)",50,-0.047524715656059,0.0527411896808784,-0.0621438275815674,-0.0329056037305505,22,22,0,78,"DINA Cross-Fit"
"RCT",3,0,"DINA Cross-Fit","WATCH (Residual Risk)",50,-0.0444056528108914,0.0503979240334296,-0.0583752446368623,-0.0304360609849204,18,18,0,82,"DINA Cross-Fit"
"RCT",3,0,"DINA Gao (GLM k2)","DINA Gao (LASSO k2)",50,0.285816531330174,0.103335895788962,0.257173282370449,0.3144597802899,92,0,92,8,"DINA Gao (LASSO k2)"
"RCT",3,0,"DINA Gao (GLM k2)","Dandl Extension",50,0.231809173987924,0.0941835633021341,0.205702822163322,0.257915525812527,80,0,80,20,"Dandl Extension"
"RCT",3,0,"DINA Gao (GLM k2)","R-learner (LASSO)",50,0.274235920299483,0.0879790470887078,0.24984937262637,0.298622467972595,92,0,92,8,"R-learner (LASSO)"
"RCT",3,0,"DINA Gao (GLM k2)","WATCH (Residual LASSO)",50,0.236507456444503,0.108859766665894,0.20633306859503,0.266681844293976,80,0,80,20,"WATCH (Residual LASSO)"
"RCT",3,0,"DINA Gao (GLM k2)","WATCH (Residual Risk)",50,0.23962651928967,0.109356716627843,0.2093143839385,0.269938654640841,78,0,78,22,"WATCH (Residual Risk)"
"RCT",3,0,"DINA Gao (LASSO k2)","Dandl Extension",50,-0.0540073573422502,0.0547509968240787,-0.0691835593856136,-0.0388311552988867,24,24,0,76,"DINA Gao (LASSO k2)"
"RCT",3,0,"DINA Gao (LASSO k2)","R-learner (LASSO)",50,-0.0115806110306915,0.0719549648398515,-0.0315255097133845,0.00836428765200156,16,14,2,84,"Tie"
"RCT",3,0,"DINA Gao (LASSO k2)","WATCH (Residual LASSO)",50,-0.0493090748856715,0.0513194163126729,-0.0635340913399123,-0.0350840584314307,22,22,0,78,"DINA Gao (LASSO k2)"
"RCT",3,0,"DINA Gao (LASSO k2)","WATCH (Residual Risk)",50,-0.0461900120405039,0.0487576805693906,-0.059704951574197,-0.0326750725068108,16,16,0,84,"DINA Gao (LASSO k2)"
"RCT",3,0,"DINA Original","DINA Cross-Fit",50,0.0101844430326295,0.06616959472037,-0.00815683286834512,0.028525718933604,18,8,10,82,"Tie"
"RCT",3,0,"DINA Original","DINA Gao (GLM k2)",50,-0.273847729067932,0.08426267501545,-0.297204150958435,-0.25049130717743,92,92,0,8,"DINA Original"
"RCT",3,0,"DINA Original","DINA Gao (LASSO k2)",50,0.011968802262242,0.0724660405003444,-0.0081177593660227,0.0320553638905068,18,4,14,82,"Tie"
"RCT",3,0,"DINA Original","Dandl Extension",50,-0.0420385550800081,0.0658181955388957,-0.0602824280972861,-0.0237946820627301,32,28,4,68,"DINA Original"
"RCT",3,0,"DINA Original","R-learner (LASSO)",50,0.00038819123155054,0.0275185627016119,-0.00723956518801771,0.00801594765111879,22.9166666666667,10,12,78,"Tie"
"RCT",3,0,"DINA Original","WATCH (Residual LASSO)",50,-0.0373402726234295,0.0815178928042558,-0.059935879701081,-0.014744665545778,28,26,2,72,"DINA Original"
"RCT",3,0,"DINA Original","WATCH (Residual Risk)",50,-0.0342212097782619,0.0827684904919326,-0.0571634648492665,-0.0112789547072574,24,22,2,76,"DINA Original"
"RCT",3,0,"DR-learner (2-Model 2SL)","DINA Cross-Fit",50,0.00419114287652222,0.023597260942158,-0.0023496841494921,0.0107319699025365,6,2,4,94,"Tie"
"RCT",3,0,"DR-learner (2-Model 2SL)","DINA Gao (GLM k2)",50,-0.279841029224039,0.104003267144274,-0.308669264085642,-0.251012794362437,92,92,0,8,"DR-learner (2-Model 2SL)"
"RCT",3,0,"DR-learner (2-Model 2SL)","DINA Gao (LASSO k2)",50,0.0059755021061348,0.0307814963874537,-0.00255669338747519,0.0145076975997448,8,2,6,92,"Tie"
"RCT",3,0,"DR-learner (2-Model 2SL)","DINA Original",50,-0.00599330015610724,0.0654429504777843,-0.0241331605490763,0.0121465602368619,8,4,4,92,"Tie"
"RCT",3,0,"DR-learner (2-Model 2SL)","DR-learner (Kennedy)",50,-0.00735477157620774,0.0493990326087297,-0.0210474848253495,0.00633794167293403,6,4,2,94,"Tie"
"RCT",3,0,"DR-learner (2-Model 2SL)","Dandl Extension",50,-0.0480318552361154,0.0453648306185546,-0.0606063447443569,-0.0354573657278738,24,24,0,76,"DR-learner (2-Model 2SL)"
"RCT",3,0,"DR-learner (2-Model 2SL)","R-learner (LASSO)",50,-0.0056051089245567,0.0628413259912966,-0.0230238358014592,0.0118136179523458,8,6,2,92,"Tie"
"RCT",3,0,"DR-learner (2-Model 2SL)","WATCH (Residual LASSO)",50,-0.0433335727795367,0.048892806205072,-0.0568859672285244,-0.0297811783305491,22,22,0,78,"DR-learner (2-Model 2SL)"
"RCT",3,0,"DR-learner (2-Model 2SL)","WATCH (Residual Risk)",50,-0.0402145099343692,0.0469290982439775,-0.0532225923068573,-0.027206427561881,16,16,0,84,"DR-learner (2-Model 2SL)"
"RCT",3,0,"DR-learner (Kennedy)","DINA Cross-Fit",50,0.0115459144527299,0.0532563744167678,-0.00321599939594052,0.0263078283014004,12,4,8,88,"Tie"
"RCT",3,0,"DR-learner (Kennedy)","DINA Gao (GLM k2)",50,-0.272486257647832,0.0882942979477208,-0.296960188400856,-0.248012326894808,92,92,0,8,"DR-learner (Kennedy)"
"RCT",3,0,"DR-learner (Kennedy)","DINA Gao (LASSO k2)",50,0.0133302736823425,0.061059884730054,-0.00359466286968478,0.0302552102343698,14,2,12,86,"Tie"
"RCT",3,0,"DR-learner (Kennedy)","DINA Original",50,0.0013614714201005,0.0269584063348785,-0.0061110175762145,0.00883396041641549,20,10,10,80,"Tie"
"RCT",3,0,"DR-learner (Kennedy)","Dandl Extension",50,-0.0406770836599076,0.0508034195894612,-0.0547590731195836,-0.0265950942002316,38,34,4,62,"DR-learner (Kennedy)"
"RCT",3,0,"DR-learner (Kennedy)","R-learner (LASSO)",50,0.00174966265165104,0.0253373268919602,-0.00527348604802754,0.00877281135132962,18,8,10,82,"Tie"
"RCT",3,0,"DR-learner (Kennedy)","WATCH (Residual LASSO)",50,-0.035978801203329,0.0696133666454629,-0.055274641980892,-0.016682960425766,26,24,2,74,"DR-learner (Kennedy)"
"RCT",3,0,"DR-learner (Kennedy)","WATCH (Residual Risk)",50,-0.0328597383581614,0.0703059506725696,-0.052347553633671,-0.0133719230826518,20,18,2,80,"DR-learner (Kennedy)"
"RCT",3,0,"Dandl Extension","R-learner (LASSO)",50,0.0424267463115587,0.0582442968870189,0.0262822508922113,0.0585712417309061,26,2,24,74,"R-learner (LASSO)"
"RCT",3,0,"Dandl Extension","WATCH (Residual LASSO)",50,0.00469828245657863,0.0628267309138369,-0.0127163988712524,0.0221129637844096,12,6,6,88,"Tie"
"RCT",3,0,"Dandl Extension","WATCH (Residual Risk)",50,0.00781734530174622,0.0619293072341045,-0.00934858287322659,0.024983273476719,10,4,6,90,"Tie"
"RCT",3,0,"R-learner (LASSO)","WATCH (Residual LASSO)",50,-0.03772846385498,0.0802562869606456,-0.0599743716341286,-0.0154825560758315,24,22,2,76,"R-learner (LASSO)"
"RCT",3,0,"R-learner (LASSO)","WATCH (Residual Risk)",50,-0.0346094010098125,0.0810994426708113,-0.0570890196281007,-0.0121297823915242,22,20,2,78,"R-learner (LASSO)"
"RCT",3,0,"WATCH (Residual LASSO)","WATCH (Residual Risk)",50,0.00311906284516759,0.0101478050737476,0.000306234786699563,0.00593189090363562,16,2,14,84,"WATCH (Residual Risk)"
"RCT",3,1,"DINA Cross-Fit","DINA Gao (GLM k2)",50,-0.272026893425109,0.109632381379681,-0.3024154391471,-0.241638347703118,84,84,0,16,"DINA Cross-Fit"
"RCT",3,1,"DINA Cross-Fit","DINA Gao (LASSO k2)",50,-0.0103057753578701,0.0420244544261931,-0.0219543598244372,0.00134280910869692,18,14,4,82,"Tie"
"RCT",3,1,"DINA Cross-Fit","Dandl Extension",50,-0.0405200540058637,0.0631788026329089,-0.0580323246353025,-0.023007783376425,12,12,0,88,"DINA Cross-Fit"
"RCT",3,1,"DINA Cross-Fit","R-learner (LASSO)",50,-0.00878667416826956,0.0755583368844566,-0.0297303766236509,0.0121570282871118,12,8,4,88,"Tie"
"RCT",3,1,"DINA Cross-Fit","WATCH (Residual LASSO)",50,-0.0452975649495725,0.0701196779724275,-0.0647337480668293,-0.0258613818323157,22,22,0,78,"DINA Cross-Fit"
"RCT",3,1,"DINA Cross-Fit","WATCH (Residual Risk)",50,-0.0426046663444196,0.0685022970129218,-0.0615925343323389,-0.0236167983565004,14,14,0,86,"DINA Cross-Fit"
"RCT",3,1,"DINA Gao (GLM k2)","DINA Gao (LASSO k2)",50,0.261721118067239,0.0904580719117423,0.236647419770992,0.286794816363485,84,0,84,16,"DINA Gao (LASSO k2)"
"RCT",3,1,"DINA Gao (GLM k2)","Dandl Extension",50,0.231506839419245,0.0925311222520327,0.205858520885281,0.257155157953209,76,0,76,24,"Dandl Extension"
"RCT",3,1,"DINA Gao (GLM k2)","R-learner (LASSO)",50,0.263240219256839,0.0871136853054027,0.239093537632308,0.287386900881371,86,0,86,14,"R-learner (LASSO)"
"RCT",3,1,"DINA Gao (GLM k2)","WATCH (Residual LASSO)",50,0.226729328475536,0.107898785687688,0.196821310963246,0.256637345987827,76,0,76,24,"WATCH (Residual LASSO)"
"RCT",3,1,"DINA Gao (GLM k2)","WATCH (Residual Risk)",50,0.229422227080689,0.108361416832124,0.199385974757586,0.259458479403792,78,0,78,22,"WATCH (Residual Risk)"
"RCT",3,1,"DINA Gao (LASSO k2)","Dandl Extension",50,-0.0302142786479936,0.0579668058412875,-0.0462818574736802,-0.0141466998223071,8,4,4,92,"DINA Gao (LASSO k2)"
"RCT",3,1,"DINA Gao (LASSO k2)","R-learner (LASSO)",50,0.00151910118960057,0.0628451290779286,-0.0159006798491339,0.0189388822283351,22,8,14,78,"Tie"
"RCT",3,1,"DINA Gao (LASSO k2)","WATCH (Residual LASSO)",50,-0.0349917895917024,0.0725685473920924,-0.0551067646807303,-0.0148768145026745,20,18,2,80,"DINA Gao (LASSO k2)"
"RCT",3,1,"DINA Gao (LASSO k2)","WATCH (Residual Risk)",50,-0.0322988909865495,0.0721968258546135,-0.0523108301221906,-0.0122869518509084,20,18,2,80,"DINA Gao (LASSO k2)"
"RCT",3,1,"DINA Original","DINA Cross-Fit",50,0.0159173975673255,0.0726845166121605,-0.00422972254949473,0.0360645176841457,10,0,10,90,"Tie"
"RCT",3,1,"DINA Original","DINA Gao (GLM k2)",50,-0.256109495857783,0.0856742139877162,-0.279857176389732,-0.232361815325835,84,84,0,16,"DINA Original"
"RCT",3,1,"DINA Original","DINA Gao (LASSO k2)",50,0.00561162220945533,0.0575657084747752,-0.0103447780984627,0.0215680225173733,18,8,10,82,"Tie"
"RCT",3,1,"DINA Original","Dandl Extension",50,-0.0246026564385383,0.0676914703220873,-0.0433657747342867,-0.00583953814278983,20,14,6,80,"DINA Original"
"RCT",3,1,"DINA Original","R-learner (LASSO)",50,0.0071307233990559,0.024380821492871,0.000372704469320845,0.013888742328791,26,14,12,74,"R-learner (LASSO)"
"RCT",3,1,"DINA Original","WATCH (Residual LASSO)",50,-0.0293801673822471,0.0913221875935826,-0.0546933863253703,-0.00406694843912385,24,20,4,76,"DINA Original"
"RCT",3,1,"DINA Original","WATCH (Residual Risk)",50,-0.0266872687770942,0.092801045361904,-0.0524104061799224,-0.000964131374265906,22,18,4,78,"DINA Original"
"RCT",3,1,"DR-learner (2-Model 2SL)","DINA Cross-Fit",50,-0.000772279070006137,0.0263770538413014,-0.00808362537645764,0.00653906723644536,8,4,4,92,"Tie"
"RCT",3,1,"DR-learner (2-Model 2SL)","DINA Gao (GLM k2)",50,-0.272799172495115,0.101427318048992,-0.300913390695998,-0.244684954294232,86,86,0,14,"DR-learner (2-Model 2SL)"
"RCT",3,1,"DR-learner (2-Model 2SL)","DINA Gao (LASSO k2)",50,-0.0110780544278763,0.0355942595107403,-0.0209442797982487,-0.00121182905750386,14,12,2,86,"DR-learner (2-Model 2SL)"
"RCT",3,1,"DR-learner (2-Model 2SL)","DINA Original",50,-0.0166896766373316,0.0637502476531426,-0.0343603437451323,0.000980990470469095,10,8,2,90,"Tie"
"RCT",3,1,"DR-learner (2-Model 2SL)","DR-learner (Kennedy)",50,-0.0142276625033662,0.0458361957110576,-0.0269328077493106,-0.00152251725742186,8,6,2,92,"DR-learner (2-Model 2SL)"
"RCT",3,1,"DR-learner (2-Model 2SL)","Dandl Extension",50,-0.0412923330758699,0.0526612833640526,-0.0558892961003714,-0.0266953700513684,12,12,0,88,"DR-learner (2-Model 2SL)"
"RCT",3,1,"DR-learner (2-Model 2SL)","R-learner (LASSO)",50,-0.0095589532382757,0.065439188469367,-0.027697770855713,0.00857986437916162,10,8,2,90,"Tie"
"RCT",3,1,"DR-learner (2-Model 2SL)","WATCH (Residual LASSO)",50,-0.0460698440195786,0.0644684940551597,-0.0639395988727396,-0.0282000891664177,18,18,0,82,"DR-learner (2-Model 2SL)"
"RCT",3,1,"DR-learner (2-Model 2SL)","WATCH (Residual Risk)",50,-0.0433769454144258,0.0631332336996901,-0.0608765849800019,-0.0258773058488497,16,16,0,84,"DR-learner (2-Model 2SL)"
"RCT",3,1,"DR-learner (Kennedy)","DINA Cross-Fit",50,0.0134553834333601,0.0566209566559873,-0.00223914503085744,0.0291499118975776,6,0,6,94,"Tie"
"RCT",3,1,"DR-learner (Kennedy)","DINA Gao (GLM k2)",50,-0.258571509991749,0.0853256760676634,-0.282222580741203,-0.234920439242294,86,86,0,14,"DR-learner (Kennedy)"
"RCT",3,1,"DR-learner (Kennedy)","DINA Gao (LASSO k2)",50,0.00314960807548995,0.0459474470634793,-0.00958637447205414,0.015885590623034,16,8,8,84,"Tie"
"RCT",3,1,"DR-learner (Kennedy)","DINA Original",50,-0.00246201413396538,0.0430465548188852,-0.014393910375073,0.00946988210714228,20,12,8,80,"Tie"
"RCT",3,1,"DR-learner (Kennedy)","Dandl Extension",50,-0.0270646705725037,0.0447637545458594,-0.0394725502936766,-0.0146567908513307,16,14,2,84,"DR-learner (Kennedy)"
"RCT",3,1,"DR-learner (Kennedy)","R-learner (LASSO)",50,0.00466870926509053,0.0421114155319717,-0.00700397959021398,0.016341398120395,22,10,12,78,"Tie"
"RCT",3,1,"DR-learner (Kennedy)","WATCH (Residual LASSO)",50,-0.0318421815162124,0.064850517164257,-0.0498178277727303,-0.0138665352596945,18,16,2,82,"DR-learner (Kennedy)"
"RCT",3,1,"DR-learner (Kennedy)","WATCH (Residual Risk)",50,-0.0291492829110595,0.0664287251538315,-0.0475623861036254,-0.0107361797184937,18,16,2,82,"DR-learner (Kennedy)"
"RCT",3,1,"Dandl Extension","R-learner (LASSO)",50,0.0317333798375942,0.0673501140320711,0.0130648806780544,0.050401878997134,18,4,14,82,"R-learner (LASSO)"
"RCT",3,1,"Dandl Extension","WATCH (Residual LASSO)",50,-0.00477751094370876,0.0687635693271762,-0.0238377999222851,0.0142827780348676,8,6,2,92,"Tie"
"RCT",3,1,"Dandl Extension","WATCH (Residual Risk)",50,-0.00208461233855587,0.0680442829462235,-0.0209455253043182,0.0167763006272064,12,6,6,88,"Tie"
"RCT",3,1,"R-learner (LASSO)","WATCH (Residual LASSO)",50,-0.036510890781303,0.0925661666829734,-0.0621689231359331,-0.0108528584266728,28,24,4,72,"R-learner (LASSO)"
"RCT",3,1,"R-learner (LASSO)","WATCH (Residual Risk)",50,-0.0338179921761501,0.0941463449244414,-0.0599140275927902,-0.00772195675950999,26,22,4,74,"R-learner (LASSO)"
"RCT",3,1,"WATCH (Residual LASSO)","WATCH (Residual Risk)",50,0.00269289860515289,0.0103818673629397,-0.000184808209822985,0.00557060542012876,12,2,10,88,"Tie"
"RCT",3,2,"DINA Cross-Fit","DINA Gao (GLM k2)",50,-0.229264496614551,0.120342718863264,-0.26262179642381,-0.195907196805293,62,62,0,38,"DINA Cross-Fit"
"RCT",3,2,"DINA Cross-Fit","DINA Gao (LASSO k2)",50,-0.00315121735535233,0.0408761567693612,-0.0144815099504125,0.00817907523970786,8,6,2,92,"Tie"
"RCT",3,2,"DINA Cross-Fit","Dandl Extension",50,0.00241932929889437,0.0865333680399289,-0.0215664965863641,0.0264051551841528,10,6,4,90,"Tie"
"RCT",3,2,"DINA Cross-Fit","R-learner (LASSO)",50,0.00248097130543692,0.0836135520429578,-0.0206955228768416,0.0256574654877155,12,4,8,88,"Tie"
"RCT",3,2,"DINA Cross-Fit","WATCH (Residual LASSO)",50,-0.018186609296065,0.08920966638502,-0.042914267234974,0.00654104864284398,12,8,4,88,"Tie"
"RCT",3,2,"DINA Cross-Fit","WATCH (Residual Risk)",50,-0.0161555973931886,0.0866138232593357,-0.040163724327487,0.00785252954110978,12,10,2,88,"Tie"
"RCT",3,2,"DINA Gao (GLM k2)","DINA Gao (LASSO k2)",50,0.226113279259199,0.101650216742417,0.197937276692682,0.254289281825716,68,0,68,32,"DINA Gao (LASSO k2)"
"RCT",3,2,"DINA Gao (GLM k2)","Dandl Extension",50,0.231683825913446,0.0980446638742774,0.20450723161306,0.258860420213831,74,0,74,26,"Dandl Extension"
"RCT",3,2,"DINA Gao (GLM k2)","R-learner (LASSO)",50,0.231745467919988,0.0906644341835011,0.206614568920339,0.256876366919638,70,0,70,30,"R-learner (LASSO)"
"RCT",3,2,"DINA Gao (GLM k2)","WATCH (Residual LASSO)",50,0.211077887318486,0.104767604257695,0.182037789018127,0.240117985618846,60,0,60,40,"WATCH (Residual LASSO)"
"RCT",3,2,"DINA Gao (GLM k2)","WATCH (Residual Risk)",50,0.213108899221363,0.103664850150797,0.184374468764535,0.241843329678191,62,0,62,38,"WATCH (Residual Risk)"
"RCT",3,2,"DINA Gao (LASSO k2)","Dandl Extension",50,0.0055705466542467,0.0752874294642315,-0.01529806409536,0.0264391574038534,14,8,6,86,"Tie"
"RCT",3,2,"DINA Gao (LASSO k2)","R-learner (LASSO)",50,0.00563218866078924,0.0690725273585358,-0.013513739114865,0.0247781164364435,24,12,12,76,"Tie"
"RCT",3,2,"DINA Gao (LASSO k2)","WATCH (Residual LASSO)",50,-0.0150353919407127,0.0821634798941066,-0.0378099466299236,0.00773916274849818,16,8,8,84,"Tie"
"RCT",3,2,"DINA Gao (LASSO k2)","WATCH (Residual Risk)",50,-0.0130043800378363,0.0791838027402079,-0.03495301035791,0.00894425028223737,14,8,6,86,"Tie"
"RCT",3,2,"DINA Original","DINA Cross-Fit",50,0.00773302296851493,0.0759211271409803,-0.0133112398154767,0.0287772857525065,10,4,6,90,"Tie"
"RCT",3,2,"DINA Original","DINA Gao (GLM k2)",50,-0.221531473646037,0.0919748472576353,-0.247025600618269,-0.196037346673804,72,72,0,28,"DINA Original"
"RCT",3,2,"DINA Original","DINA Gao (LASSO k2)",50,0.00458180561316261,0.0591023863515729,-0.0118005400708511,0.0209641512971763,12,6,6,88,"Tie"
"RCT",3,2,"DINA Original","Dandl Extension",50,0.0101523522674093,0.0776589579172425,-0.0113736126317506,0.0316783171665692,18,8,10,82,"Tie"
"RCT",3,2,"DINA Original","R-learner (LASSO)",50,0.0102139942739519,0.0364804326428703,0.000102134243413937,0.0203258543044898,22,6,16,78,"R-learner (LASSO)"
"RCT",3,2,"DINA Original","WATCH (Residual LASSO)",50,-0.0104535863275501,0.0942853040597313,-0.0365881392513637,0.0156809665962635,20,14,6,80,"Tie"
"RCT",3,2,"DINA Original","WATCH (Residual Risk)",50,-0.00842257442467368,0.092129714247737,-0.0339596283364684,0.017114479487121,18,14,4,82,"Tie"
"RCT",3,2,"DR-learner (2-Model 2SL)","DINA Cross-Fit",50,-0.0160720470101695,0.0270851388627501,-0.0235796644709876,-0.00856442954935138,16,14,2,84,"DR-learner (2-Model 2SL)"
"RCT",3,2,"DR-learner (2-Model 2SL)","DINA Gao (GLM k2)",50,-0.245336543624721,0.112887738977723,-0.276627428436355,-0.214045658813087,72,72,0,28,"DR-learner (2-Model 2SL)"
"RCT",3,2,"DR-learner (2-Model 2SL)","DINA Gao (LASSO k2)",50,-0.0192232643655218,0.0359070034718884,-0.0291761779391698,-0.00927035079187382,10,10,0,90,"DR-learner (2-Model 2SL)"
"RCT",3,2,"DR-learner (2-Model 2SL)","DINA Original",50,-0.0238050699786844,0.0662282489125999,-0.0421626039922707,-0.00544753596509813,8,6,2,92,"DR-learner (2-Model 2SL)"
"RCT",3,2,"DR-learner (2-Model 2SL)","DR-learner (Kennedy)",50,-0.0112837417389357,0.0575470531432785,-0.0272349710527824,0.00466748757491088,10,6,4,90,"Tie"
"RCT",3,2,"DR-learner (2-Model 2SL)","Dandl Extension",50,-0.0136527177112751,0.0745140140491388,-0.0343069486452848,0.00700151322273455,10,8,2,90,"Tie"
"RCT",3,2,"DR-learner (2-Model 2SL)","R-learner (LASSO)",50,-0.0135910757047326,0.0740020071565137,-0.0341033855687928,0.00692123415932763,10,8,2,90,"Tie"
"RCT",3,2,"DR-learner (2-Model 2SL)","WATCH (Residual LASSO)",50,-0.0342586563062345,0.0766827414363906,-0.0555140278023359,-0.0130032848101331,14,12,2,86,"DR-learner (2-Model 2SL)"
"RCT",3,2,"DR-learner (2-Model 2SL)","WATCH (Residual Risk)",50,-0.0322276444033581,0.0737323318822703,-0.0526652040950851,-0.0117900847116311,12,10,2,88,"DR-learner (2-Model 2SL)"
"RCT",3,2,"DR-learner (Kennedy)","DINA Cross-Fit",50,-0.00478830527123376,0.0714690750718162,-0.0245985221815711,0.0150219116391036,16,10,6,84,"Tie"
"RCT",3,2,"DR-learner (Kennedy)","DINA Gao (GLM k2)",50,-0.234052801885785,0.0908767387731387,-0.259242548715318,-0.208863055056252,74,74,0,26,"DR-learner (Kennedy)"
"RCT",3,2,"DR-learner (Kennedy)","DINA Gao (LASSO k2)",50,-0.00793952262658609,0.0583551806700764,-0.0241147534625035,0.00823570820933136,22,14,8,78,"Tie"
"RCT",3,2,"DR-learner (Kennedy)","DINA Original",50,-0.0125213282397487,0.0417940209604878,-0.0241060398083604,-0.000936616671136965,26,22,4,74,"DR-learner (Kennedy)"
"RCT",3,2,"DR-learner (Kennedy)","Dandl Extension",50,-0.00236897597233939,0.0560248659955375,-0.0178982765352602,0.0131603245905814,12,10,2,88,"Tie"
"RCT",3,2,"DR-learner (Kennedy)","R-learner (LASSO)",50,-0.00230733396579684,0.0398163936334207,-0.013343875206506,0.00872920727491233,18,12,6,82,"Tie"
"RCT",3,2,"DR-learner (Kennedy)","WATCH (Residual LASSO)",50,-0.0229749145672988,0.0732489363038403,-0.0432784838407564,-0.00267134529384117,20,16,4,80,"DR-learner (Kennedy)"
"RCT",3,2,"DR-learner (Kennedy)","WATCH (Residual Risk)",50,-0.0209439026644224,0.0700400531240267,-0.0403580148997392,-0.00152979042910558,16,14,2,84,"DR-learner (Kennedy)"
"RCT",3,2,"Dandl Extension","R-learner (LASSO)",50,6.16420065425533e-05,0.0784531969512176,-0.0216844747208856,0.0218077587339707,18,8,10,82,"Tie"
"RCT",3,2,"Dandl Extension","WATCH (Residual LASSO)",50,-0.0206059385949594,0.077952938796303,-0.0422133908363834,0.00100151364646462,18,12,6,82,"Tie"
"RCT",3,2,"Dandl Extension","WATCH (Residual Risk)",50,-0.018574926692083,0.0748810282891381,-0.0393308887831877,0.00218103539902174,14,10,4,86,"Tie"
"RCT",3,2,"R-learner (LASSO)","WATCH (Residual LASSO)",50,-0.020667580601502,0.0892770051678314,-0.0454139038987164,0.00407874269571246,22,16,6,78,"Tie"
"RCT",3,2,"R-learner (LASSO)","WATCH (Residual Risk)",50,-0.0186365686986255,0.0860114186998574,-0.0424777176081062,0.00520458021085515,22,18,4,78,"Tie"
"RCT",3,2,"WATCH (Residual LASSO)","WATCH (Residual Risk)",50,0.00203101190287642,0.0114123941957399,-0.0011323423766732,0.00519436618242604,8,0,8,92,"Tie"
"RCT",4,0,"DINA Cross-Fit","DINA Gao (GLM k2)",50,-0.274366567629677,0.103823873237202,-0.303145077037188,-0.245588058222166,88,88,0,12,"DINA Cross-Fit"
"RCT",4,0,"DINA Cross-Fit","DINA Gao (LASSO k2)",50,-0.00107156747690991,0.0388208512613647,-0.0118321584508213,0.00968902349700146,12,6,6,88,"Tie"
"RCT",4,0,"DINA Cross-Fit","Dandl Extension",50,-0.0469443992948267,0.0610151374163722,-0.0638569325243079,-0.0300318660653456,22,22,0,78,"DINA Cross-Fit"
"RCT",4,0,"DINA Cross-Fit","R-learner (LASSO)",50,0.00422863053113881,0.0400556910569181,-0.00687424057127356,0.0153315016335512,10,4,6,90,"Tie"
"RCT",4,0,"DINA Cross-Fit","WATCH (Residual LASSO)",50,-0.0374694403173239,0.0702943594840903,-0.0569540426793071,-0.0179848379553408,20,20,0,80,"DINA Cross-Fit"
"RCT",4,0,"DINA Cross-Fit","WATCH (Residual Risk)",50,-0.0355782466259771,0.0699327870907428,-0.0549626262337997,-0.0161938670181545,16,16,0,84,"DINA Cross-Fit"
"RCT",4,0,"DINA Gao (GLM k2)","DINA Gao (LASSO k2)",50,0.273295000152767,0.0978972167203021,0.246159276118299,0.300430724187235,90,0,90,10,"DINA Gao (LASSO k2)"
"RCT",4,0,"DINA Gao (GLM k2)","Dandl Extension",50,0.22742216833485,0.0881382444372814,0.202991493408046,0.251852843261654,84,0,84,16,"Dandl Extension"
"RCT",4,0,"DINA Gao (GLM k2)","R-learner (LASSO)",50,0.278595198160816,0.089899555196546,0.253676312799604,0.303514083522027,86,0,86,14,"R-learner (LASSO)"
"RCT",4,0,"DINA Gao (GLM k2)","WATCH (Residual LASSO)",50,0.236897127312353,0.118587660173626,0.204026304952217,0.269767949672489,72,0,72,28,"WATCH (Residual LASSO)"
"RCT",4,0,"DINA Gao (GLM k2)","WATCH (Residual Risk)",50,0.2387883210037,0.116754971902348,0.206425493914897,0.271151148092503,72,0,72,28,"WATCH (Residual Risk)"
"RCT",4,0,"DINA Gao (LASSO k2)","Dandl Extension",50,-0.0458728318179168,0.0602775392624198,-0.0625809132700694,-0.0291647503657642,16,16,0,84,"DINA Gao (LASSO k2)"
"RCT",4,0,"DINA Gao (LASSO k2)","R-learner (LASSO)",50,0.00530019800804873,0.0441923604585908,-0.00694929935265991,0.0175496953687574,22,8,14,78,"Tie"
"RCT",4,0,"DINA Gao (LASSO k2)","WATCH (Residual LASSO)",50,-0.036397872840414,0.0732658954785084,-0.0567061429572568,-0.0160896027235712,14,14,0,86,"DINA Gao (LASSO k2)"
"RCT",4,0,"DINA Gao (LASSO k2)","WATCH (Residual Risk)",50,-0.0345066791490672,0.0728781210124203,-0.0547074636677296,-0.0143058946304049,12,12,0,88,"DINA Gao (LASSO k2)"
"RCT",4,0,"DINA Original","DINA Cross-Fit",50,0.00318353739763888,0.0505897883514067,-0.0108392365039733,0.0172063112992511,18,4,14,82,"Tie"
"RCT",4,0,"DINA Original","DINA Gao (GLM k2)",50,-0.271183030232038,0.0917918487436529,-0.296626432604118,-0.245739627859958,88,88,0,12,"DINA Original"
"RCT",4,0,"DINA Original","DINA Gao (LASSO k2)",50,0.00211196992072897,0.0476336895085161,-0.0110914151861183,0.0153153550275762,26,14,12,74,"Tie"
"RCT",4,0,"DINA Original","Dandl Extension",50,-0.0437608618971879,0.0469767171194666,-0.0567821435485462,-0.0307395802458295,18,18,0,82,"DINA Original"
"RCT",4,0,"DINA Original","R-learner (LASSO)",50,0.0074121679287777,0.0283538495832957,-0.000447118201954275,0.0152714540595097,22,6,16,78,"Tie"
"RCT",4,0,"DINA Original","WATCH (Residual LASSO)",50,-0.0342859029196851,0.0690662393513078,-0.0534300877486593,-0.0151417180907108,20,18,2,80,"DINA Original"
"RCT",4,0,"DINA Original","WATCH (Residual Risk)",50,-0.0323947092283383,0.0693195604243945,-0.0516091110763625,-0.013180307380314,20,16,4,80,"DINA Original"
"RCT",4,0,"DR-learner (2-Model 2SL)","DINA Cross-Fit",50,-0.00274277422473903,0.0235578920254851,-0.00927268874379799,0.00378714029431993,6,6,0,94,"Tie"
"RCT",4,0,"DR-learner (2-Model 2SL)","DINA Gao (GLM k2)",50,-0.277109341854416,0.100390200014996,-0.304936085602965,-0.249282598105867,90,90,0,10,"DR-learner (2-Model 2SL)"
"RCT",4,0,"DR-learner (2-Model 2SL)","DINA Gao (LASSO k2)",50,-0.00381434170164894,0.0352459679998307,-0.0135840255906574,0.00595534218735947,4,4,0,96,"Tie"
"RCT",4,0,"DR-learner (2-Model 2SL)","DINA Original",50,-0.00592631162237792,0.0423314816966704,-0.0176599997064108,0.00580737646165492,10,6,4,90,"Tie"
"RCT",4,0,"DR-learner (2-Model 2SL)","DR-learner (Kennedy)",50,-0.015964918161319,0.0611030325123751,-0.0329018146684195,0.000971978345781513,16,12,4,84,"Tie"
"RCT",4,0,"DR-learner (2-Model 2SL)","Dandl Extension",50,-0.0496871735195658,0.0534963286368149,-0.0645155992846547,-0.0348587477544768,24,24,0,76,"DR-learner (2-Model 2SL)"
"RCT",4,0,"DR-learner (2-Model 2SL)","R-learner (LASSO)",50,0.00148585630639979,0.0341220056793975,-0.00797228112220665,0.0109439937350062,10,6,4,90,"Tie"
"RCT",4,0,"DR-learner (2-Model 2SL)","WATCH (Residual LASSO)",50,-0.040212214542063,0.0656720753983049,-0.0584155851227674,-0.0220088439613586,20,20,0,80,"DR-learner (2-Model 2SL)"
"RCT",4,0,"DR-learner (2-Model 2SL)","WATCH (Residual Risk)",50,-0.0383210208507162,0.0656753580862543,-0.0565253013460971,-0.0201167403553353,20,18,2,80,"DR-learner (2-Model 2SL)"
"RCT",4,0,"DR-learner (Kennedy)","DINA Cross-Fit",50,0.01322214393658,0.0695885069484273,-0.00606680608452504,0.032511093957685,16,4,12,84,"Tie"
"RCT",4,0,"DR-learner (Kennedy)","DINA Gao (GLM k2)",50,-0.261144423693097,0.0857961984810331,-0.284925916601515,-0.237362930784678,86,86,0,14,"DR-learner (Kennedy)"
"RCT",4,0,"DR-learner (Kennedy)","DINA Gao (LASSO k2)",50,0.01215057645967,0.067784841829716,-0.00663842309755425,0.0309395760168943,20,12,8,80,"Tie"
"RCT",4,0,"DR-learner (Kennedy)","DINA Original",50,0.0100386065389411,0.0342252800356388,0.000551842919267244,0.0195253701586149,20,10,10,80,"DINA Original"
"RCT",4,0,"DR-learner (Kennedy)","Dandl Extension",50,-0.0337222553582468,0.0414529246175083,-0.0452124198442923,-0.0222320908722013,16,14,2,84,"DR-learner (Kennedy)"
"RCT",4,0,"DR-learner (Kennedy)","R-learner (LASSO)",50,0.0174507744677188,0.044569484898702,0.00509674354542025,0.0298048053900173,26,8,18,74,"R-learner (LASSO)"
"RCT",4,0,"DR-learner (Kennedy)","WATCH (Residual LASSO)",50,-0.024247296380744,0.0805037490547513,-0.0465617971528254,-0.00193279560866252,22,20,2,78,"DR-learner (Kennedy)"
"RCT",4,0,"DR-learner (Kennedy)","WATCH (Residual Risk)",50,-0.0223561026893972,0.0807448200717881,-0.0447374249382292,2.52195594348491e-05,20,18,2,80,"Tie"
"RCT",4,0,"Dandl Extension","R-learner (LASSO)",50,0.0511730298259656,0.0446856453848997,0.0387868008596085,0.0635592587923227,26,0,26,74,"R-learner (LASSO)"
"RCT",4,0,"Dandl Extension","WATCH (Residual LASSO)",50,0.0094749589775028,0.0808290951933214,-0.0129297231432185,0.0318796410982241,18,8,10,82,"Tie"
"RCT",4,0,"Dandl Extension","WATCH (Residual Risk)",50,0.0113661526688496,0.0809256174258991,-0.0110652840497465,0.0337975893874457,20,10,10,80,"Tie"
"RCT",4,0,"R-learner (LASSO)","WATCH (Residual LASSO)",50,-0.0416980708484628,0.0654890725729822,-0.0598507156339724,-0.0235454260629531,26,24,2,74,"R-learner (LASSO)"
"RCT",4,0,"R-learner (LASSO)","WATCH (Residual Risk)",50,-0.039806877157116,0.0664973925288113,-0.0582390139749476,-0.0213747403392843,24,22,2,76,"R-learner (LASSO)"
"RCT",4,0,"WATCH (Residual LASSO)","WATCH (Residual Risk)",50,0.00189119369134681,0.0107952109336691,-0.00110108611602354,0.00488347349871715,16,8,8,84,"Tie"
"RCT",4,1,"DINA Cross-Fit","DINA Gao (GLM k2)",50,-0.262887656165637,0.0991024535143746,-0.290357454795235,-0.23541785753604,86,86,0,14,"DINA Cross-Fit"
"RCT",4,1,"DINA Cross-Fit","DINA Gao (LASSO k2)",50,-0.00156314944019888,0.0352268812151513,-0.0113275427424152,0.00820124386201744,6,4,2,94,"Tie"
"RCT",4,1,"DINA Cross-Fit","Dandl Extension",50,-0.0361244479174329,0.0607243372823518,-0.0529563754621936,-0.0192925203726721,12,12,0,88,"DINA Cross-Fit"
"RCT",4,1,"DINA Cross-Fit","R-learner (LASSO)",50,-0.00052710810057182,0.0567680323573447,-0.0162624038692942,0.0152081876681505,10,4,6,90,"Tie"
"RCT",4,1,"DINA Cross-Fit","WATCH (Residual LASSO)",50,-0.0389824821400428,0.0723671147599616,-0.059041622952059,-0.0189233413280266,14,12,2,86,"DINA Cross-Fit"
"RCT",4,1,"DINA Cross-Fit","WATCH (Residual Risk)",50,-0.0369074199438437,0.0728302845985529,-0.0570949448850738,-0.0167198950026136,16,12,4,84,"DINA Cross-Fit"
"RCT",4,1,"DINA Gao (GLM k2)","DINA Gao (LASSO k2)",50,0.261324506725438,0.0848549730014172,0.23780390820937,0.284845105241506,88,0,88,12,"DINA Gao (LASSO k2)"
"RCT",4,1,"DINA Gao (GLM k2)","Dandl Extension",50,0.226763208248204,0.0860804680570361,0.202902919833394,0.250623496663014,82,0,82,18,"Dandl Extension"
"RCT",4,1,"DINA Gao (GLM k2)","R-learner (LASSO)",50,0.262360548065065,0.0814208140278534,0.239791849851366,0.284929246278764,92,0,92,8,"R-learner (LASSO)"
"RCT",4,1,"DINA Gao (GLM k2)","WATCH (Residual LASSO)",50,0.223905174025594,0.113203055197577,0.192526888016948,0.255283460034241,74,0,74,26,"WATCH (Residual LASSO)"
"RCT",4,1,"DINA Gao (GLM k2)","WATCH (Residual Risk)",50,0.225980236221793,0.11254421471832,0.194784571476823,0.257175900966764,76,0,76,24,"WATCH (Residual Risk)"
"RCT",4,1,"DINA Gao (LASSO k2)","Dandl Extension",50,-0.034561298477234,0.0555977367247312,-0.0499722048466532,-0.0191503921078147,14,12,2,86,"DINA Gao (LASSO k2)"
"RCT",4,1,"DINA Gao (LASSO k2)","R-learner (LASSO)",50,0.00103604133962706,0.0531544978231357,-0.0136976337580044,0.0157697164372586,24,10,14,76,"Tie"
"RCT",4,1,"DINA Gao (LASSO k2)","WATCH (Residual LASSO)",50,-0.0374193326998439,0.0743385261141331,-0.0580249208599809,-0.016813744539707,14,12,2,86,"DINA Gao (LASSO k2)"
"RCT",4,1,"DINA Gao (LASSO k2)","WATCH (Residual Risk)",50,-0.0353442705036448,0.0751994682566153,-0.0561884996504279,-0.0145000413568617,14,12,2,86,"DINA Gao (LASSO k2)"
"RCT",4,1,"DINA Original","DINA Cross-Fit",50,-0.00468245562248039,0.0274573633912699,-0.0122932484586887,0.00292833721372794,12,10,2,88,"Tie"
"RCT",4,1,"DINA Original","DINA Gao (GLM k2)",50,-0.267570111788118,0.0999540448639975,-0.295275959496817,-0.239864264079418,88,88,0,12,"DINA Original"
"RCT",4,1,"DINA Original","DINA Gao (LASSO k2)",50,-0.00624560506267927,0.0347258428597736,-0.0158711176183565,0.00337990749299795,20,12,8,80,"Tie"
"RCT",4,1,"DINA Original","Dandl Extension",50,-0.0408069035399133,0.057228648241565,-0.0566698755178153,-0.0249439315620112,14,14,0,86,"DINA Original"
"RCT",4,1,"DINA Original","R-learner (LASSO)",50,-0.00520956372305222,0.0615409244485258,-0.0222678376822845,0.0118487102361801,20,8,12,80,"Tie"
"RCT",4,1,"DINA Original","WATCH (Residual LASSO)",50,-0.0436649377625232,0.0692795135823438,-0.0628682391922645,-0.0244616363327819,14,14,0,86,"DINA Original"
"RCT",4,1,"DINA Original","WATCH (Residual Risk)",50,-0.0415898755663241,0.0702179556587674,-0.0610532998684134,-0.0221264512642348,18,16,2,82,"DINA Original"
"RCT",4,1,"DR-learner (2-Model 2SL)","DINA Cross-Fit",50,-0.00549007636514853,0.0221777691805948,-0.0116374403489905,0.000657287618693408,2,0,2,98,"Tie"
"RCT",4,1,"DR-learner (2-Model 2SL)","DINA Gao (GLM k2)",50,-0.268377732530786,0.0957521658748178,-0.294918878805712,-0.24183658625586,94,94,0,6,"DR-learner (2-Model 2SL)"
"RCT",4,1,"DR-learner (2-Model 2SL)","DINA Gao (LASSO k2)",50,-0.00705322580534741,0.0319099675002458,-0.0158982175328389,0.00179176592214413,10,10,0,90,"Tie"
"RCT",4,1,"DR-learner (2-Model 2SL)","DINA Original",50,-0.000807620742668137,0.0303031443145769,-0.00920722380642401,0.00759198232108774,8,4,4,92,"Tie"
"RCT",4,1,"DR-learner (2-Model 2SL)","DR-learner (Kennedy)",50,-0.00975011632785962,0.0467223420004717,-0.0227008887935483,0.00320065613782902,10,6,4,90,"Tie"
"RCT",4,1,"DR-learner (2-Model 2SL)","Dandl Extension",50,-0.0416145242825814,0.0526839871668454,-0.056217780480145,-0.0270112680850178,20,20,0,80,"DR-learner (2-Model 2SL)"
"RCT",4,1,"DR-learner (2-Model 2SL)","R-learner (LASSO)",50,-0.00601718446572035,0.0509571539812206,-0.0201417869247149,0.00810741799327421,10,6,4,90,"Tie"
"RCT",4,1,"DR-learner (2-Model 2SL)","WATCH (Residual LASSO)",50,-0.0444725585051913,0.0718739894968586,-0.0643950119679418,-0.0245501050424409,14,12,2,86,"DR-learner (2-Model 2SL)"
"RCT",4,1,"DR-learner (2-Model 2SL)","WATCH (Residual Risk)",50,-0.0423974963089922,0.0726093106400036,-0.0625237703938764,-0.022271222224108,14,10,4,86,"DR-learner (2-Model 2SL)"
"RCT",4,1,"DR-learner (Kennedy)","DINA Cross-Fit",50,0.00426003996271109,0.0514133310011034,-0.00999100831504225,0.0185110882404644,8,6,2,92,"Tie"
"RCT",4,1,"DR-learner (Kennedy)","DINA Gao (GLM k2)",50,-0.258627616202926,0.0853885919240899,-0.28229612633804,-0.234959106067812,90,90,0,10,"DR-learner (Kennedy)"
"RCT",4,1,"DR-learner (Kennedy)","DINA Gao (LASSO k2)",50,0.00269689052251221,0.0505996915098382,-0.0113286283945689,0.0167224094395934,20,12,8,80,"Tie"
"RCT",4,1,"DR-learner (Kennedy)","DINA Original",50,0.00894249558519148,0.0559346941491992,-0.00656181061711427,0.0244468017874972,16,6,10,84,"Tie"
"RCT",4,1,"DR-learner (Kennedy)","Dandl Extension",50,-0.0318644079547218,0.0458034776136358,-0.0445604842067528,-0.0191683317026908,20,16,4,80,"DR-learner (Kennedy)"
"RCT",4,1,"DR-learner (Kennedy)","R-learner (LASSO)",50,0.00373293186213927,0.0308581305787052,-0.00482050554554216,0.0122863692698207,18,6,12,82,"Tie"
"RCT",4,1,"DR-learner (Kennedy)","WATCH (Residual LASSO)",50,-0.0347224421773317,0.087266168232779,-0.0589113899129528,-0.0105334944417106,20,18,2,80,"DR-learner (Kennedy)"
"RCT",4,1,"DR-learner (Kennedy)","WATCH (Residual Risk)",50,-0.0326473799811326,0.0889649954321992,-0.0573072185920012,-0.00798754137026399,22,18,4,78,"DR-learner (Kennedy)"
"RCT",4,1,"Dandl Extension","R-learner (LASSO)",50,0.035597339816861,0.054728631077581,0.0204273372421354,0.0507673423915867,14,0,14,86,"R-learner (LASSO)"
"RCT",4,1,"Dandl Extension","WATCH (Residual LASSO)",50,-0.00285803422260994,0.0816957175792756,-0.025502931813139,0.0197868633679191,16,10,6,84,"Tie"
"RCT",4,1,"Dandl Extension","WATCH (Residual Risk)",50,-0.000782972026410823,0.082327958923946,-0.0236031179766678,0.0220371739238461,18,12,6,82,"Tie"
"RCT",4,1,"R-learner (LASSO)","WATCH (Residual LASSO)",50,-0.038455374039471,0.0897796231169051,-0.0633410159242588,-0.0135697321546832,22,20,2,78,"R-learner (LASSO)"
"RCT",4,1,"R-learner (LASSO)","WATCH (Residual Risk)",50,-0.0363803118432719,0.0918586709890381,-0.0618422363967879,-0.0109183872897558,24,20,4,76,"R-learner (LASSO)"
"RCT",4,1,"WATCH (Residual LASSO)","WATCH (Residual Risk)",50,0.00207506219619912,0.0120398805338191,-0.00126222242249552,0.00541234681489376,20,14,6,80,"Tie"
"RCT",4,2,"DINA Cross-Fit","DINA Gao (GLM k2)",50,-0.23876748100873,0.101575542849542,-0.266922785028163,-0.210612176989297,64,64,0,36,"DINA Cross-Fit"
"RCT",4,2,"DINA Cross-Fit","DINA Gao (LASSO k2)",50,0.00362541447739961,0.0332993239264453,-0.00560468720346861,0.0128555161582678,4,2,2,96,"Tie"
"RCT",4,2,"DINA Cross-Fit","Dandl Extension",50,0.00124147956638792,0.0711768870672485,-0.0184877469611403,0.0209707060939161,12,4,8,88,"Tie"
"RCT",4,2,"DINA Cross-Fit","R-learner (LASSO)",50,0.0058897548642316,0.0595030599796996,-0.0106036518832626,0.0223831616117258,8,2,6,92,"Tie"
"RCT",4,2,"DINA Cross-Fit","WATCH (Residual LASSO)",50,-0.0157163107980072,0.0777710466724056,-0.0372733451149643,0.00584072351894992,12,8,4,88,"Tie"
"RCT",4,2,"DINA Cross-Fit","WATCH (Residual Risk)",50,-0.0124902147619853,0.0763886660069927,-0.0336640727078061,0.00868364318383554,16,8,8,84,"Tie"
"RCT",4,2,"DINA Gao (GLM k2)","DINA Gao (LASSO k2)",50,0.24239289548613,0.0894584336900927,0.217596282768266,0.267189508203993,76,0,76,24,"DINA Gao (LASSO k2)"
"RCT",4,2,"DINA Gao (GLM k2)","Dandl Extension",50,0.240008960575118,0.0947184011106406,0.213754359273553,0.266263561876683,78,0,78,22,"Dandl Extension"
"RCT",4,2,"DINA Gao (GLM k2)","R-learner (LASSO)",50,0.244657235872962,0.0846492639237801,0.221193657004123,0.2681208147418,72,0,72,28,"R-learner (LASSO)"
"RCT",4,2,"DINA Gao (GLM k2)","WATCH (Residual LASSO)",50,0.223051170210723,0.11750319902834,0.190480945143854,0.255621395277591,72,0,72,28,"WATCH (Residual LASSO)"
"RCT",4,2,"DINA Gao (GLM k2)","WATCH (Residual Risk)",50,0.226277266246745,0.117015432165081,0.193842243256483,0.258712289237007,70,0,70,30,"WATCH (Residual Risk)"
"RCT",4,2,"DINA Gao (LASSO k2)","Dandl Extension",50,-0.00238393491101169,0.0659475876254027,-0.0206636735848357,0.0158958037628123,8,2,6,92,"Tie"
"RCT",4,2,"DINA Gao (LASSO k2)","R-learner (LASSO)",50,0.00226434038683199,0.0519408965960219,-0.0121329416131189,0.0166616223867829,12,4,8,88,"Tie"
"RCT",4,2,"DINA Gao (LASSO k2)","WATCH (Residual LASSO)",50,-0.0193417252754068,0.0816796929919463,-0.0419821810769443,0.00329873052613068,18,12,6,82,"Tie"
"RCT",4,2,"DINA Gao (LASSO k2)","WATCH (Residual Risk)",50,-0.0161156292393849,0.0808101136372726,-0.0385150499412023,0.00628379146243251,16,12,4,84,"Tie"
"RCT",4,2,"DINA Original","DINA Cross-Fit",50,0.00501681777947326,0.0545052324075493,-0.0100912618431733,0.0201248974021198,4,2,2,96,"Tie"
"RCT",4,2,"DINA Original","DINA Gao (GLM k2)",50,-0.233750663229257,0.090977680975137,-0.258968389809682,-0.208532936648832,68,68,0,32,"DINA Original"
"RCT",4,2,"DINA Original","DINA Gao (LASSO k2)",50,0.00864223225687286,0.0491302001826294,-0.00497596444552153,0.0222604289592673,8,4,4,92,"Tie"
"RCT",4,2,"DINA Original","Dandl Extension",50,0.00625829734586118,0.06801227535891,-0.0125937435693419,0.0251103382610643,10,4,6,90,"Tie"
"RCT",4,2,"DINA Original","R-learner (LASSO)",50,0.0109065726437049,0.0297291961129287,0.00266605990479961,0.0191470853826101,18,2,16,82,"R-learner (LASSO)"
"RCT",4,2,"DINA Original","WATCH (Residual LASSO)",50,-0.010699493018534,0.102523456109822,-0.0391175451885411,0.0177185591514732,14,12,2,86,"Tie"
"RCT",4,2,"DINA Original","WATCH (Residual Risk)",50,-0.00747339698251204,0.102653619459622,-0.035927528592343,0.0209807346273189,16,12,4,84,"Tie"
"RCT",4,2,"DR-learner (2-Model 2SL)","DINA Cross-Fit",50,-0.0172306344805698,0.023180738030417,-0.0236560072458228,-0.0108052617153168,16,16,0,84,"DR-learner (2-Model 2SL)"
"RCT",4,2,"DR-learner (2-Model 2SL)","DINA Gao (GLM k2)",50,-0.2559981154893,0.100711657011386,-0.283913962571275,-0.228082268407324,78,78,0,22,"DR-learner (2-Model 2SL)"
"RCT",4,2,"DR-learner (2-Model 2SL)","DINA Gao (LASSO k2)",50,-0.0136052200031702,0.0332241529631736,-0.0228144853560704,-0.00439595465027005,4,4,0,96,"DR-learner (2-Model 2SL)"
"RCT",4,2,"DR-learner (2-Model 2SL)","DINA Original",50,-0.0222474522600431,0.0555375043584758,-0.0376416630693289,-0.00685324145075726,4,4,0,96,"DR-learner (2-Model 2SL)"
"RCT",4,2,"DR-learner (2-Model 2SL)","DR-learner (Kennedy)",50,-0.0085561526432926,0.0544494166731443,-0.0236487609336956,0.00653645564711043,16,8,8,84,"Tie"
"RCT",4,2,"DR-learner (2-Model 2SL)","Dandl Extension",50,-0.0159891549141819,0.0660939664011074,-0.0343094677145755,0.00233115788621173,14,10,4,86,"Tie"
"RCT",4,2,"DR-learner (2-Model 2SL)","R-learner (LASSO)",50,-0.0113408796163382,0.0540106450017351,-0.0263118666044368,0.00363010737176038,6,4,2,94,"Tie"
"RCT",4,2,"DR-learner (2-Model 2SL)","WATCH (Residual LASSO)",50,-0.032946945278577,0.0785319109192806,-0.054714880404797,-0.011179010152357,16,10,6,84,"DR-learner (2-Model 2SL)"
"RCT",4,2,"DR-learner (2-Model 2SL)","WATCH (Residual Risk)",50,-0.0297208492425551,0.0770777133559998,-0.0510857013691682,-0.008355997115942,14,10,4,86,"DR-learner (2-Model 2SL)"
"RCT",4,2,"DR-learner (Kennedy)","DINA Cross-Fit",50,-0.00867448183727722,0.0619443672231758,-0.0258445844282456,0.00849562075369117,14,12,2,86,"Tie"
"RCT",4,2,"DR-learner (Kennedy)","DINA Gao (GLM k2)",50,-0.247441962846007,0.0872853141284432,-0.271636217553149,-0.223247708138865,74,74,0,26,"DR-learner (Kennedy)"
"RCT",4,2,"DR-learner (Kennedy)","DINA Gao (LASSO k2)",50,-0.00504906735987761,0.0548122528582366,-0.0202422487096406,0.0101441139898853,16,12,4,84,"Tie"
"RCT",4,2,"DR-learner (Kennedy)","DINA Original",50,-0.0136912996167505,0.0492504918447728,-0.0273428394667534,-3.97597667475373e-05,14,12,2,86,"DR-learner (Kennedy)"
"RCT",4,2,"DR-learner (Kennedy)","Dandl Extension",50,-0.0074330022708893,0.0388545935848547,-0.0182029461396957,0.00333694159791714,12,10,2,88,"Tie"
"RCT",4,2,"DR-learner (Kennedy)","R-learner (LASSO)",50,-0.00278472697304562,0.0348968668109488,-0.0124576449494064,0.00688819100331516,14,6,8,86,"Tie"
"RCT",4,2,"DR-learner (Kennedy)","WATCH (Residual LASSO)",50,-0.0243907926352844,0.088180728121031,-0.048833243438429,5.16581678601073e-05,18,16,2,82,"Tie"
"RCT",4,2,"DR-learner (Kennedy)","WATCH (Residual Risk)",50,-0.0211646965992625,0.0882102275440435,-0.0456153242252919,0.00328593102676688,22,18,4,78,"Tie"
"RCT",4,2,"Dandl Extension","R-learner (LASSO)",50,0.00464827529784368,0.0610063467238848,-0.012261821275996,0.0215583718716833,6,2,4,94,"Tie"
"RCT",4,2,"Dandl Extension","WATCH (Residual LASSO)",50,-0.0169577903643951,0.0862425808152906,-0.0408630141432313,0.00694743341444104,20,16,4,80,"Tie"
"RCT",4,2,"Dandl Extension","WATCH (Residual Risk)",50,-0.0137316943283732,0.0858718231772709,-0.0375341493331214,0.0100707606763749,24,18,6,76,"Tie"
"RCT",4,2,"R-learner (LASSO)","WATCH (Residual LASSO)",50,-0.0216060656622388,0.0975102759911716,-0.0486345351986207,0.00542240387414304,18,14,4,82,"Tie"
"RCT",4,2,"R-learner (LASSO)","WATCH (Residual Risk)",50,-0.0183799696262169,0.0978452604204403,-0.0455012921091176,0.00874135285668386,18,14,4,82,"Tie"
"RCT",4,2,"WATCH (Residual LASSO)","WATCH (Residual Risk)",50,0.00322609603602191,0.0114469891683225,5.31525193067147e-05,0.0063990395527371,10,6,4,90,"WATCH (Residual Risk)"
