"Scenario","Scen","Beta","Method","n","MSE_se","MSE","Bias_se","Bias","Var_se","Variance","Cor_se","Correlation","Som_se","Somers_D","Detection","Detection_Max","Detection_Quad","Time"
1,"S1 (X11)",0,"DINA Original",50,0.0044708379158982,0.025065341773017,0.0141882074337103,-0.00124880105586912,0.00446969343172956,0.0152302865631485,0.0353573002976433,-0.00147640447502843,NA,NA,2,2,10,2.61917999999992
1,"S1 (X11)",0,"DINA Cross-Fit",50,0.00300575762608737,0.0262613717554108,0.0146787567327516,-0.000604082938877087,0.00231019917427484,0.0157346470716112,0.0216502223736861,0.0297653539469078,NA,NA,2,2,10,7.02606000000001
1,"S1 (X11)",0,"DINA Gao (LASSO k2)",50,0.00286430273607533,0.0232140386345753,0.0140195059040278,-0.00373242147132074,0.00242942807853122,0.0135965199605965,0.0217305612901428,0.00877753738576782,NA,NA,2,2,8,24.23002
1,"S1 (X11)",0,"DR-learner (2-Model 2SL)",50,0.00239444980852575,0.0290493896679587,0.0148331408917516,4.87855743847745e-05,0.00142532735378246,0.0183049157524182,0.0210887465074421,0.00217337275733728,NA,NA,0,0,6,104.3406
1,"S1 (X11)",0,"R-learner (LASSO)",50,0.00781721947655585,0.0283895146600835,0.0141733169315096,-0.00119354847604569,0.00791312062311529,0.0185819913556202,0.030153700315391,-0.00688946825210856,NA,NA,2,2,10,0.107999999999959
1,"S1 (X11)",0,"Dandl Extension",50,0.00386919957064779,0.0774268868634058,0.0143271305456929,3.02108975384203e-05,0.00378793091099145,0.067503826790295,0.0244309610711993,0.00530428982274081,NA,NA,2,2,10,51.81222
1,"S1 (X11)",1,"DINA Original",50,0.0084637812610558,0.0574519297656091,0.0138954172265264,-0.002730439098573,0.00853517298194468,0.0480795852634018,0.0633155525680884,0.293890241445492,0.0641811671012378,0.271134449044813,18,18,14,3.81926000000002
1,"S1 (X11)",1,"DINA Cross-Fit",50,0.00363940173645159,0.0531506243466835,0.0142281494870165,-0.00439477197812038,0.0027525911169216,0.0432983353432108,0.0286359644216475,0.0956061546458503,0.0239167874479794,0.0800549505117553,18,18,14,7.22936000000003
1,"S1 (X11)",1,"DINA Gao (LASSO k2)",50,0.00306687105530937,0.0481061744489695,0.0140763798353047,-0.0033871647019778,0.0025155301773793,0.0384625476654612,0.0354867692257554,0.210180105471217,0.0301679784225578,0.171307304743834,14,14,16,24.7045
1,"S1 (X11)",1,"DR-learner (2-Model 2SL)",50,0.00276967765979408,0.0497916876017678,0.0143545698950114,-0.00438408740685278,0.00196196197636367,0.0397553479085264,0.0285566361609273,0.201981835459972,0.0229244682598128,0.145444499951559,18,18,8,103.67178
1,"S1 (X11)",1,"R-learner (LASSO)",50,0.00389423683982295,0.0457400685541748,0.01386987199197,-0.0026379670971798,0.00383961433588081,0.0363795747286182,0.0688817344544057,0.35818879035945,0.0745841646604499,0.337432620258068,18,18,14,0.104179999999969
1,"S1 (X11)",1,"Dandl Extension",50,0.00395026420652797,0.0848282890407784,0.0141143195872333,-0.00198285138718911,0.00382934877690466,0.0752132970822019,0.0286802440622118,0.393194842602854,0.0215675110188087,0.267862747207422,18,18,14,51.01202
1,"S1 (X11)",2,"DINA Original",50,0.00564631799349492,0.0910410768470132,0.0142616160612329,-0.00309557904850675,0.00544623673169678,0.0812276586133717,0.0316142355566114,0.691831260745559,0.0404460385486818,0.666822139009824,50,50,38,6.06465999999995
1,"S1 (X11)",2,"DINA Cross-Fit",50,0.00327348551405597,0.109967829356594,0.0140871722077231,-0.0074468341687813,0.00302885559372916,0.100389179757279,0.0376005915031254,0.342065355351545,0.0332674441337967,0.280495775336527,50,50,38,7.16298000000005
1,"S1 (X11)",2,"DINA Gao (LASSO k2)",50,0.00426809615954055,0.0988176433537271,0.0143112927214989,-0.00328146362613401,0.00357083059948992,0.088948931344225,0.0394617530906101,0.505139369481402,0.0386438109119301,0.444526464949594,52,52,40,24.9344400000001
1,"S1 (X11)",2,"DR-learner (2-Model 2SL)",50,0.00311704435906388,0.0927726464941581,0.0141793863471252,-0.00156581919555775,0.00262691078988159,0.0830846691808958,0.0229532022225862,0.515686133210642,0.0193322536378792,0.380251543788237,56,56,36,102.22686
1,"S1 (X11)",2,"R-learner (LASSO)",50,0.00476782343281661,0.083033500468563,0.0142485248887107,-0.00313096732906654,0.00448652972096532,0.0732221391767948,0.0227167385077391,0.745975438249947,0.0349766504382102,0.729488833797958,50,50,38,0.10431999999998
1,"S1 (X11)",2,"Dandl Extension",50,0.00447327047695856,0.0934650574627021,0.0145490629468963,-0.00132790007360787,0.00425903511339831,0.0832577231914748,0.0162122725959295,0.730121939108912,0.0125445450922447,0.490093648474237,50,50,38,51.51778
2,"S2 (X14)",0,"DINA Original",50,0.00633595482571891,0.0248944107915408,0.0146763889090093,0.000724279799006657,0.00609247009606649,0.0143681994301577,0.0227058269743203,-0.0217011392947072,NA,NA,2,2,6,2.82914000000003
2,"S2 (X14)",0,"DINA Cross-Fit",50,0.0029570693020363,0.0274138498903368,0.0147213862517345,0.0022374510810478,0.00272833509400855,0.0168232487550417,0.0121241240704045,-0.00457884132025086,NA,NA,2,2,6,7.59057999999995
2,"S2 (X14)",0,"DINA Gao (LASSO k2)",50,0.0035029524005265,0.0234166815605691,0.0143954084495998,0.0019814784914642,0.00296233877769461,0.013285164194837,0.0152167753797878,-0.030385056945903,NA,NA,0,0,8,22.87802
2,"S2 (X14)",0,"DR-learner (2-Model 2SL)",50,0.00233979190913715,0.0291743947163895,0.0148577904863218,0.00313192838100783,0.00185292731431647,0.0183844115955606,0.0116937279166441,-0.00745428741257386,NA,NA,0,0,2,103.83076
2,"S2 (X14)",0,"R-learner (LASSO)",50,0.00358876773913071,0.0210036458167287,0.0146757084409407,0.000662882055096975,0.00314778760374903,0.0104707033168119,0.0266430311838188,-0.013287031281466,NA,NA,2,2,6,0.111879999999971
2,"S2 (X14)",0,"Dandl Extension",50,0.00369285154736059,0.0768250994170694,0.0147729733832754,-6.5227447997412e-05,0.00329875575157929,0.0662638264287416,0.0143415986901556,-0.0309398542522716,NA,NA,2,2,6,51.38288
2,"S2 (X14)",1,"DINA Original",50,0.00739543322639455,0.0531295935661768,0.0146008511096067,0.00119568377265066,0.00731852518924215,0.0427676413861447,0.0600353686221193,0.40358548672604,0.0503446669347291,0.294123867525204,22,22,16,4.4993799999999
2,"S2 (X14)",1,"DINA Cross-Fit",50,0.00312348716268261,0.0442967052067384,0.014104739335507,0.00184360811485271,0.00247795294922213,0.0346142949914327,0.0453297608705633,0.240073284873958,0.033525849127706,0.163418345701865,22,22,16,6.92082000000006
2,"S2 (X14)",1,"DINA Gao (LASSO k2)",50,0.00401018010307847,0.0468427608910184,0.0148286958363249,0.00286016805886092,0.00353074148983802,0.0361322239875628,0.0516668006978597,0.30486941961863,0.0416518023377889,0.212690578401927,20,20,18,24.6382
2,"S2 (X14)",1,"DR-learner (2-Model 2SL)",50,0.00294105524913186,0.0416847504381612,0.0142905662351194,0.00335451400789315,0.00206342671796985,0.0317301641194747,0.0357663637115534,0.334476747599086,0.025718768161608,0.227614677972818,24,24,10,103.97482
2,"S2 (X14)",1,"R-learner (LASSO)",50,0.00487498197084201,0.0435356671974819,0.0146060829544351,0.00118091015026638,0.0045779194915578,0.0331470213871531,0.0654002042266131,0.519886406196094,0.0575880361508037,0.408899877291084,22,22,16,0.107679999999973
2,"S2 (X14)",1,"Dandl Extension",50,0.0041507221410593,0.0841622922093202,0.0145759711009141,0.00239412208031965,0.00375339646890958,0.0738938603663179,0.0320090939338,0.405976723849394,0.0229074933594329,0.270576392241777,22,22,16,50.96598
2,"S2 (X14)",2,"DINA Original",50,0.00660470296273512,0.0643395263533314,0.0148990795289655,0.000814769576412703,0.00600174339648426,0.0535688542426426,0.0262819937842051,0.814737525447519,0.0302866649796692,0.651746250745203,78,78,46,6.64659999999994
2,"S2 (X14)",2,"DINA Cross-Fit",50,0.00379789939212652,0.0832764354292537,0.0146333249473694,0.00279446669227949,0.00300925320840346,0.0729218944222541,0.0374953561548278,0.546872003540209,0.0275445539478954,0.379447208008603,78,78,46,7.38730000000005
2,"S2 (X14)",2,"DINA Gao (LASSO k2)",50,0.00496892897823511,0.071887784670551,0.014453307646902,0.00322310726503578,0.00456153849247013,0.0617649190934321,0.0417787941257146,0.678128732402989,0.0367860790872164,0.516570091671331,80,80,50,25.2974
2,"S2 (X14)",2,"DR-learner (2-Model 2SL)",50,0.00382695063983856,0.0723432633261815,0.0149266827808034,0.00473780903720071,0.00287800665646552,0.0615263821729565,0.0244539820255283,0.649348133319813,0.019951761292634,0.476453837038293,78,78,50,101.7298
2,"S2 (X14)",2,"R-learner (LASSO)",50,0.00575003727736424,0.0545548984040829,0.014884560825988,0.000747298093970301,0.00511316032233723,0.0437859544604182,0.0277613877147207,0.845008280844797,0.0338444355254996,0.702234870075181,78,78,46,0.103500000000006
2,"S2 (X14)",2,"Dandl Extension",50,0.00499698813694429,0.100698646828823,0.0150971407237224,0.00178403714858145,0.00465371918019388,0.0897066180327793,0.0192509995163789,0.683984390872098,0.0173869381406815,0.482530455829485,78,78,46,50.46482
3,"S3 (X14, X1)",0,"DINA Original",50,0.00773584199935587,0.0307572090206929,0.015149157743678,0.000139503421396887,0.00775431257123882,0.0195509394014922,0.0337139951424627,-0.0527956291554535,NA,NA,2,2,4,2.84990000000002
3,"S3 (X14, X1)",0,"DINA Cross-Fit",50,0.00247549831781804,0.022386527567728,0.0152423942779814,0.000711884277688352,0.00155520347839071,0.0110238699454474,0.0257125113592603,-0.0134803760808681,NA,NA,2,2,4,6.78411999999998
3,"S3 (X14, X1)",0,"DINA Gao (LASSO k2)",50,0.00365257061687845,0.0251472752832539,0.0145021635418134,0.000633901975017913,0.0030586070460488,0.0148712914120826,0.0289099117535988,0.0146846443042751,NA,NA,2,2,8,23.80116
3,"S3 (X14, X1)",0,"DR-learner (2-Model 2SL)",50,0.00206177338502768,0.0289221342542063,0.0149499285028607,0.00133779413886635,0.00156108469104387,0.018004836484225,0.0298007235708786,0.00584760552998717,NA,NA,4,4,4,102.97078
3,"S3 (X14, X1)",0,"R-learner (LASSO)",50,0.00747541036615155,0.0313107246800266,0.0151516961006904,0.000159967819247935,0.00750989286228553,0.0201017818122918,0.0356059279574145,0.00393299202274917,NA,NA,2,2,4,0.110320000000024
3,"S3 (X14, X1)",0,"Dandl Extension",50,0.00347464506960862,0.0803197037312723,0.0151818826854633,0.000540929830422382,0.00336669394811,0.0691637500944965,0.0271216032792325,-0.00305693872601617,NA,NA,2,2,4,49.9166599999999
3,"S3 (X14, X1)",1,"DINA Original",50,0.00695130012162765,0.0623924006367743,0.0148313350395133,-0.00180404104083108,0.00695535324346528,0.0517141178547463,0.0436469686107136,0.273875134072833,0.0384328331353545,0.242072250955322,22,22,16,4.38001999999996
3,"S3 (X14, X1)",1,"DINA Cross-Fit",50,0.00254501942792167,0.0507950971509472,0.0146150044874874,-0.00393823881987756,0.00168513382373065,0.0403940560858219,0.0279013783362093,0.146772723373127,0.0255813789304703,0.128165427366082,22,22,16,6.46912000000006
3,"S3 (X14, X1)",1,"DINA Gao (LASSO k2)",50,0.003363155238143,0.0542407011151378,0.0146546947033176,-0.0012585000915351,0.0029113939886804,0.0438034804881088,0.0390814478666427,0.197700876665176,0.0332762318207555,0.16624673679572,16,16,22,22.50924
3,"S3 (X14, X1)",1,"DR-learner (2-Model 2SL)",50,0.00252610242588791,0.0498750171801065,0.0150706847233684,-0.00151927219962498,0.00127997805659036,0.0388212000286199,0.0280322834896035,0.241187447371252,0.0250386894072949,0.20189490065806,18,18,18,96.7508
3,"S3 (X14, X1)",1,"R-learner (LASSO)",50,0.00729539067747886,0.0581050790376091,0.0148306552521698,-0.00174003377380423,0.00721106383430742,0.0474194217383248,0.0543127550712752,0.343689651298419,0.0473869363677919,0.294571317936674,22,22,16,0.10412
3,"S3 (X14, X1)",1,"Dandl Extension",50,0.00386536353189888,0.0942377962253908,0.0146270853841752,-0.000335914998797147,0.00358615117714508,0.0839218974664757,0.0285545885647149,0.34146084325745,0.0251531078388136,0.290076689424049,22,22,16,46.28504
3,"S3 (X14, X1)",2,"DINA Original",50,0.0078756631255114,0.130855958108545,0.0154949821251933,-0.00176134155684344,0.00777610241312729,0.119326880463449,0.0323955206056071,0.496716659892606,0.0281049134129931,0.442793858429422,44,44,38,5.71226000000005
3,"S3 (X14, X1)",2,"DINA Cross-Fit",50,0.00387011733780982,0.130684565885763,0.0157761824458773,-0.00170063181522515,0.00340328550141894,0.118723612266009,0.0305310638406092,0.320191591904707,0.0273864353186945,0.29051571291996,44,44,38,7.02907999999998
3,"S3 (X14, X1)",2,"DINA Gao (LASSO k2)",50,0.0039517222590725,0.123302527787263,0.0150501634890676,-0.000332310749281846,0.00353308986853532,0.112428410546586,0.0335143492723345,0.413332332767505,0.0298448701668327,0.374727675810636,46,46,38,23.3900199999999
3,"S3 (X14, X1)",2,"DR-learner (2-Model 2SL)",50,0.00344652100431104,0.110071631493466,0.0157794952728537,0.000194332153871861,0.00279328191408734,0.098067096839925,0.0227867408475256,0.489089273231499,0.0208737684854875,0.432599833698953,46,46,34,95.89878
3,"S3 (X14, X1)",2,"R-learner (LASSO)",50,0.00861152620790867,0.12099172781245,0.0154780817042419,-0.00137754522296646,0.00856451814936796,0.109469790112918,0.0265519998841931,0.588041689499964,0.0237767896932523,0.513286118861102,44,44,38,0.130639999999999
3,"S3 (X14, X1)",2,"Dandl Extension",50,0.00494496156027273,0.128638803536096,0.0154513523895018,0.00098194887184229,0.0045018330755101,0.117173716502951,0.0178102421823671,0.610910279029029,0.0158006639872569,0.543617581077503,44,44,38,51.2123
4,"S4 (X14, X4)",0,"DINA Original",50,0.00546203505655988,0.0264064598895044,0.0144200070656245,-0.00318122755244378,0.0054929553320721,0.0162399259477992,0.0081693550336846,0.00535937099878668,NA,NA,4,4,8,2.63707999999997
4,"S4 (X14, X4)",0,"DINA Cross-Fit",50,0.00297613464174729,0.0234217557567281,0.0142845832152145,-0.00248457237405373,0.00201375733151022,0.0134440542012617,0.00563347897689016,0.00148481417192275,NA,NA,4,4,8,6.26020000000001
4,"S4 (X14, X4)",0,"DINA Gao (LASSO k2)",50,0.00378588591551983,0.0230219141327414,0.0146830116316839,-0.00229960271890017,0.00309582907329681,0.0124776305228903,0.00682059439300752,-0.0158122459581365,NA,NA,0,0,8,21.6717
4,"S4 (X14, X4)",0,"DR-learner (2-Model 2SL)",50,0.00239582615423971,0.0247695288411978,0.0143667082178469,-0.00323550089786063,0.00148905557224548,0.014674696822963,0.00637802523446726,-0.00737728943066342,NA,NA,4,4,6,96.5612
4,"S4 (X14, X4)",0,"R-learner (LASSO)",50,0.0033293452316626,0.0194494632627611,0.014392430443494,-0.00312068640231597,0.00313372923538003,0.00930838069105188,0.0091683588068849,0.00528283829227117,NA,NA,4,4,8,0.0999999999999602
4,"S4 (X14, X4)",0,"Dandl Extension",50,0.00384453187306659,0.0755054369813003,0.0145767979960459,-0.00210888653069746,0.0036506848919752,0.0652197601481385,0.00587371931665233,-0.00071224174686026,NA,NA,4,4,8,43.57622
4,"S4 (X14, X4)",1,"DINA Original",50,0.00326304616354444,0.0458174406391216,0.0144946893353372,-0.00402323944279857,0.00313518159908559,0.0355777046653693,0.0383793461857642,0.151524417566843,0.0270104083250336,0.0920980749715829,10,10,8,2.98367999999999
4,"S4 (X14, X4)",1,"DINA Cross-Fit",50,0.00284140979061532,0.0484904101380729,0.0147088646060576,-0.00317575120163663,0.00235937563896748,0.0379550506416941,0.0220832355859194,0.0809405954121053,0.0151702888116692,0.0498146751616131,10,10,8,6.96107999999997
4,"S4 (X14, X4)",1,"DINA Gao (LASSO k2)",50,0.00295104462272863,0.0496972627131847,0.0143001693621022,-0.00328475806121039,0.00280689966454604,0.0397457171665415,0.0306376040157387,0.130824338765281,0.0209967485844627,0.0980089640930836,6,6,12,22.01104
4,"S4 (X14, X4)",1,"DR-learner (2-Model 2SL)",50,0.00221672182950112,0.0461066803944492,0.0145663749757787,-0.0025426100052988,0.00124551341675778,0.0357749807735426,0.022914585509613,0.174526271818383,0.0156699860775385,0.106584504593355,6,6,4,96.05296
4,"S4 (X14, X4)",1,"R-learner (LASSO)",50,0.0063115728492028,0.050837019229978,0.0145060499005043,-0.00400098616006033,0.00631641994694843,0.0405913453283015,0.0371702905495052,0.216325187100746,0.0243050943221983,0.145759167986898,10,10,8,0.102299999999992
4,"S4 (X14, X4)",1,"Dandl Extension",50,0.00482342495922561,0.0956466730710723,0.0146136913249158,-0.00335152173575485,0.00476470122277071,0.0853416850102917,0.02202034752906,0.201383492518178,0.0131872540476752,0.12394550229879,10,10,8,43.65178
4,"S4 (X14, X4)",2,"DINA Original",50,0.00674110352245625,0.124768997267141,0.014559588726925,-0.00788112664207727,0.00674696420842634,0.114548883305641,0.0374846686687544,0.289255685559465,0.0245234659639909,0.176141347250607,22,22,20,3.77136000000002
4,"S4 (X14, X4)",2,"DINA Cross-Fit",50,0.00306154060531596,0.118522272375915,0.0143800516342072,-0.00672506915843459,0.00235192001059158,0.108561660777163,0.0222251548547921,0.153140238444363,0.0135268123333837,0.0952208951352096,20,20,20,6.81801999999996
4,"S4 (X14, X4)",2,"DINA Gao (LASSO k2)",50,0.00275888091079326,0.117376086516991,0.0143099641416336,-0.00440120924006478,0.00264095851351972,0.107537812886983,0.0300663337118211,0.239604489491504,0.0189959251818129,0.150931369467927,28,28,22,23.07256
4,"S4 (X14, X4)",2,"DR-learner (2-Model 2SL)",50,0.00282491059798883,0.106735595516247,0.0143626022025164,-0.00259548429503144,0.00215892949761477,0.0968145553288204,0.022781397169702,0.313221569408498,0.0130331573386594,0.179160213982188,20,20,18,98.0562
4,"S4 (X14, X4)",2,"R-learner (LASSO)",50,0.00688648777785788,0.117790333402457,0.0145692533969095,-0.00791374366245148,0.0069961892206022,0.107541895772623,0.0303409941757399,0.39678922601523,0.0181292180511717,0.246026930933289,22,22,20,0.106959999999995
4,"S4 (X14, X4)",2,"Dandl Extension",50,0.00594312515718074,0.130040318082072,0.0145420288285886,-0.00538061505153643,0.00571998215559548,0.119889085715046,0.026693108786549,0.423773190367451,0.0148947115388145,0.240858668690631,20,20,20,45.2138
